Stock Name,NSE Symbol
ABB India Limited,ABB
Aegis Logistics Ltd.,AEGISLOG
Amara Raja Energy & Mobility Limited,ARE&M
Ansal Properties & Infrastructure Ltd.,ANSALAPI
Bombay Dyeing & Mfg. Co. Ltd.,BOMDYEING
Asian Hotels (North) Limited,ASIANHOTNR
Atul Limited.,ATUL
Bajaj Electricals Ltd.,BAJAJELEC
Bajaj Hindusthan Sugar Limited,BAJAJHIND
Force Motors Limited,FORCEMOT
Bajaj Finance Limited,BAJFINANCE
Balrampur Chini Mills Ltd.,BALRAMCHIN
Banco Products (India) Ltd.,BANCOINDIA
ADITYA BIRLA REAL ESTATE LIMITED,ABREL
Bannari Amman Sugars Ltd.,BANARISUG
BASF India Ltd,BASF
Bata India Limited,BATAINDIA
BEML Ltd,BEML
Bharat Electronics Ltd.,BEL
Bhansali Engineering Polymers Ltd.,BEPL
Binani Industries Limited,BINANIIND
Birla Cable Limited,BIRLACABLE
Blue Star Ltd,BLUESTARCO
BPL Ltd.,BPL
ORIENTAL AROMATICS LIMITED,OAL
Century Extrusions Ltd.,CENTEXT
CESC Limited,CESC
Chambal Fertilisers & Chemicals Ltd,CHAMBLFERT
Exide Industries Ltd.,EXIDEIND
Cipla Ltd.,CIPLA
DIC India Ltd,DICIND
CRISIL Ltd.,CRISIL
CG Power and Industrial Solutions Limited,CGPOWER
Dabur India Ltd.,DABUR
Dalmia Bharat Sugar and Industries Ltd,DALMIASUG
Arvind Ltd.,ARVIND
Bharat Heavy Electricals Ltd.,BHEL
Hindustan Petroleum Corporation Ltd,HINDPETRO
IFCI Ltd.,IFCI
Mahanagar Telephone Nigam Ltd.,MTNL
Mangalore Refinery & Petrochemicals,MRPL
Chennai Petroleum Corporation Ltd.,CHENNPETRO
State Bank Of India,SBIN
Steel Authority of India Ltd.,SAIL
Titan Company Limited,TITAN
IDBI Bank Ltd,IDBI
DCW Ltd.,DCW
Dhampur Sugar Mills Ltd.,DHAMPURSUG
Diamines & Chemicals Ltd.,DIAMINESQ
Dr. Reddy's Laboratories Ltd.,DRREDDY
E.I.D. Parry (India) Ltd.,EIDPARRY
PROCTER & GAMBLE HEALTH LIMITED,PGHL
Electrosteel Castings Ltd.,ELECTCAST
Esab India Ltd.,ESABINDIA
EPL LIMITED,EPL
Ester Industries Ltd.,ESTER
Finolex Cables Ltd.,FINCABLES
Uflex Limited,UFLEX
Foseco India Ltd,FOSECOIND
Golden Tobacco Ltd.,GOLDENTOBC
Ganesh Benzoplast Ltd.,GANESHBE
GTL Ltd,GTL
Godfrey Phillips India Ltd.,GODFRYPHLP
Godrej Industries Ltd.,GODREJIND
Kansai Nerolac Paints,KANSAINER
GHCL Ltd.,GHCL
GFL LIMITED,GFLLIMITED
HCL Infosystems Ltd,HCL-INSYS
HDFC Bank Ltd.,HDFCBANK
Hero MotoCorp Limited,HEROMOTOCO
HFCL LIMITED,HFCL
Himadri Speciality Chemical Ltd.,HSCL
Hindustan Construction Co. Ltd.,HCC
Hindustan Oil Exploration Co. Ltd.,HINDOILEXP
AGI GREENPAC LIMITED,AGI
Hindustan Zinc Ltd.,HINDZINC
NDL Ventures Limited,NDLVENTURE
HMT Limited,HMT
HLV LIMITED,HLVLTD
IG Petrochemicals Ltd,IGPL
India Glycols Ltd,INDIAGLYCO
Indo Rama Synthetics (India) Ltd.,INDORAMA
Infosys Ltd,INFY
Ingersoll-Rand (India) Ltd.,INGERRAND
Ion Exchange (India) Ltd,IONEXCHANG
Agro Tech Foods Ltd,ATFL
Jain Irrigation Systems Ltd.,JISLJALEQS
Jindal Poly Films Ltd.,JINDALPOLY
JSW Steel Limited,JSWSTEEL
Umang Dairies Limited,UMANGDAIRY
Kajaria Ceramics Ltd,KAJARIACER
Kakatiya Cement Sugar & Industries Ltd.,KAKATCEM
Kalyani Steels Ltd,KSL
Whirlpool of India Ltd,WHIRLPOOL
Kirloskar Brothers Ltd.,KIRLOSBROS
Kirloskar Industries Ltd,KIRLOSIND
Kotak Mahindra Bank Ltd.,KOTAKBANK
KSB LIMITED,KSB
L.g.Balkrishnan & Bros. Ltd.,LGBBROSLTD
Trent Ltd [Lakme Ltd],TRENT
LMW Limited,LMW
Lic Housing Finance Ltd.,LICHSGFIN
Lupin Ltd,LUPIN
Lyka Labs Ltd.,LYKALABS
The Ramco Cements Limited,RAMCOCEM
HYBRID FINANCIAL SERVICES LIMITED,HYBRIDFIN
Maharashtra Seamless Ltd.,MAHSEAMLES
Maharashtra Scooters Ltd.,MAHSCOOTER
Manali Petrochemicals Ltd.,MANALIPETC
Max Financial Services Limited,MFSL
Mirc Electronics Ltd,MIRCELECTR
Century Enka Ltd.,CENTENKA
Modern Thread (India) Ltd.,MODTHREAD
Lords Chloro Alkali Ltd,LORDSCHLO
Morepen Laboratories Ltd.,MOREPENLAB
M.R.F. Ltd.,MRF
HeidelbergCement  India Limited,HEIDELBERG
NCC Limited,NCC
Vedanta Limited,VEDL
Nahar Spinning Mills Ltd.,NAHARSPING
Grasim Industries Ltd,GRASIM
Piramal Enterprises Limited,PEL
NIIT Ltd.,NIITLTD
Oil And Natural Gas Corporation Ltd,ONGC
Oil Country Tubular Ltd.,OILCOUNTUB
Oriental Hotels Ltd.,ORIENTHOT
Oswal Agro Mills Ltd.,OSWALAGRO
Reliance Industries Ltd,RELIANCE
Pil Italica Lifestyle Limited,PILITA
Raymond Limited,RAYMOND
Pidilite Industries Ltd.,PIDILITIND
Pix Transmissions Ltd.,PIXTRANS
Birla Corporation Ltd.,BIRLACORPN
Surya Roshni Ltd.,SURYAROSNI
Prime Securities Ltd.,PRIMESECU
PRISM JOHNSON LIMITED.,PRSMJOHNSN
Rain Industries Limited,RAIN
Prudential Sugar Corporation Ltd,PRUDMOULI
AMJ LAND HOLDINGS LIMITED,AMJLAND
RSWM Limited,RSWM
Rajshree Sugars & Chemicals Ltd.,RAJSREESUG
Rallis India Ltd,RALLIS
Shree Rama Newsprint Limited,RAMANEWS
Rubfila International Ltd.,RUBFILA
Patanjali Foods Limited,PATANJALI
Jindal Saw Ltd.,JINDALSAW
JK Lakshmi Cement Limited,JKLAKSHMI
Shree Cements Ltd.,SHREECEM
Reliance Infrastructure Ltd,RELINFRA
Tata Power Co. Ltd,TATAPOWER
SPML Infra Limited,SPMLINFRA
Sundram Fasteners Ltd.,SUNDRMFAST
Sunflag Iron & Steel Co. Ltd.,SUNFLAG
Supreme Petrochem Ltd.,SPLPETRO
Swaraj Engines Ltd.,SWARAJENG
Tata Elxsi Ltd,TATAELXSI
ACC Ltd,ACC
Thermax Ltd.,THERMAX
Thirumalai Chemicals Ltd.,TIRUMALCHM
Thomas Cook (India) Ltd.,THOMASCOOK
Tokyo Plast International Ltd.,TOKYOPLAST
Torrent Pharmaceuticals Ltd.,TORNTPHARM
Ambuja Cements Ltd.,AMBUJACEM
Uniphos Enterprises Limited.,UNIENTER
Vardhman Holdings Limited,VHL
Hindalco Industries Ltd.,HINDALCO
West Coast Paper Mills Limited,WSTCSTPAPR
Pasupati Acrylon Ltd.,PASUPTAC
Procter & Gamble Hygiene & Health Care Ltd.,PGHH
Mukand Ltd.,MUKANDLTD
BLACK BOX LIMITED,BBOX
UCAL LIMITED,UCAL
Harrisons Malayalam Ltd.,HARRMALAYA
Federal Bank Ltd.,FEDERALBNK
TATA STEEL LIMITED,TATASTEEL
SKF India Ltd.,SKFINDIA
Ashok Leyland Ltd.,ASHOKLEY
Cummins India Ltd.,CUMMINSIND
Tata Communications Limited,TATACOMM
Abbott India Ltd.,ABBOTINDIA
Bajaj Holdings & Investment Limited,BAJAJHLDNG
Bharat Forge Ltd,BHARATFORG
Escorts Kubota Limited,ESCORTS
Hindustan Motors Ltd.,HINDMOTORS
Larsen & Toubro Limited,LT
Mahindra & Mahindra Ltd.,M&M
Bosch Ltd,BOSCHLTD
Premier Limited,PREMIER
Bharat Petroleum Corpn. Ltd.,BPCL
Siemens Ltd.,SIEMENS
Tata Motors Ltd.,TATAMOTORS
Voltas Ltd.,VOLTAS
Great Eastern Shipping Co. Ltd.,GESHIP
Deepak Fertilizers &Petrochemicals,DEEPAKFERT
Excell Industries Ltd.,EXCELINDUS
GARWARE HI-TECH FILMS LIMITED,GRWRHITECH
GlaxoSmithkline Pharmaceuticals Ltd.,GLAXO
Gujarat Narmada Valley Fert.Co.Ltd,GNFC
Sanofi India Ltd,SANOFI
Pfizer Ltd.,PFIZER
Gujarat State Fertilizers & Chem.Ltd,GSFC
Hindustan Unilever Ltd.,HINDUNILVR
Akzo Nobel India Limited,AKZOINDIA
NOCIL Ltd,NOCIL
Tata Chemicals Ltd,TATACHEM
Tamilnadu Petroproducts Ltd,TNPETRO
Zuari Industries Limited,ZUARIIND
Nestle India Ltd.,NESTLEIND
TATA CONSUMER PRODUCTS LIMITED,TATACONSUM
Asian Paints Ltd.,ASIANPAINT
Britannia Industries Ltd.,BRITANNIA
Colgate-Palmolive (India) Ltd.,COLPAL
EIH Ltd,EIHOTEL
Indian Hotels Co. Ltd,INDHOTEL
Castrol India Ltd,CASTROLIND
ITC Ltd,ITC
Apollo Tyres Ltd,APOLLOTYRE
Ceat Ltd.,CEATLTD
Modi Rubber Ltd.,MODIRUBBER
Finolex Industries Ltd.,FINPIPE
Centrum Capital Limited,CENTRUM
TCI Finance Limited,TCIFINANCE
Industrial Investment Trust Ltd.,IITL
Tata Investment Corporation Ltd.,TATAINVEST
Motor & General Finance (M.G.F.) Lt,MOTOGENFIN
Shaily Engineering Plastics Ltd.,SHAILY
Bombay Burmah Trading Corpn. Ltd.,BBTC
Greaves Cotton Ltd.,GREAVESCOT
Coastal Corporation Limited,COASTCORP
Sagar Cements Ltd,SAGCEM
Deccan Cements Ltd.,DECCANCE
Mangalam Cement Ltd.,MANGLMCEM
NCL Industries Limited,NCLIND
Saurashtra Cement Limited,SAURASHCEM
Shree Digvijay Cement Co. Ltd.,SHREDIGCEM
BOROSIL RENEWABLES LIMITED,BORORENEW
ANDHRA PAPER LIMITED,ANDHRAPAP
Balkrishna Industries Ltd.,BALKRISIND
Orient Paper & Industries Ltd.,ORIENTPPR
Rollatainters Ltd.,ROLLT
Seshasayee Paper & Boards Ltd.,SESHAPAPER
DCM Ltd.,DCM
Kesoram Industries Ltd,KESORAMIND
Vardhman Textiles Limted,VTL
Peninsula Land Limited,PENINLAND
The Phoenix Mills Ltd.,PHOENIXLTD
Marathon Nextgen Realty Ltd,MARATHON
Reliance Chemotex Industries Ltd.,RELCHEMQ
Ruby Mills Ltd.,RUBYMILLS
Swan Energy Ltd.,SWANENERGY
Banswara Syntex Ltd.,BANSWRAS
SRF Ltd.,SRF
Siyaram Silk Mills Ltd.,SIYSIL
Bharat Bijlee Ltd.,BBL
Hind Rectifiers Ltd.,HIRECT
Indo National Limited,NIPPOBATRY
Zensar Technologies Ltd.,ZENSARTECH
Nelco Ltd,NELCO
Universal Cables Ltd.,UNIVCABLES
W.S. Industries (India) Ltd.,WSI
DELTA MANUFACTURING LIMITED ,DELTAMAGNT
RAVINDRA ENERGY LIMITED,RELTD
Sarda Energy & Minerals Ltd,SARDAEN
Indian Hume Pipe Co. Ltd.,INDIANHUME
ORIENT CERATECH LIMITED,ORIENTCER
Sandur Manganese & Iron Ores Ltd.,SANDUMA
CHOLAMANDALAM FINANCIAL HOLDINGS LIMITED,CHOLAHLDNG
Automotive Axles Ltd.,AUTOAXLES
Atlas Cycles (Haryana) Ltd.,ATLASCYCLE
Setco Automotive Limited,SETCO
Talbros Automotive Components Ltd.,TALBROAUTO
SML ISUZU LIMITED,SMLISUZU
TIL Ltd.,TIL
Eicher Motors Ltd.,EICHERMOT
Dynamatic Technologies Ltd.,DYNAMATECH
GMM Pfaudler Ltd.,GMMPFAUDLR
Kirloskar Pneumatic Co.Ltd.,KIRLPNU
Manugraph India Ltd,MANUGRAPH
Nesco Ltd,NESCO
SEMAC CONSULTANTS LIMITED,SEMAC
Texmaco Infrastructure & Holdings Ltd,TEXINFRA
Wendt (India) Ltd.,WENDT
Responsive Industries Ltd,RESPONIND
DOLAT ALGOTECH LIMITED,DOLATALGO
WESTLIFE FOODWORLD LIMITED,WESTLIFE
Zee Entertainment Enterprises Ltd.,ZEEL
SVP GLOBAL TEXTILES LIMITED,SVPGLOB
Bharat Gears Ltd.,BHARATGEAR
Elecon Engineering Co.Ltd.,ELECON
Gabriel India Ltd.,GABRIEL
Hercules Hoists Ltd.,HERCULES
IFB Industries Limited,IFBIND
Federal-Mogul Goetze (India) Ltd,FMGOETZE
Schaeffler India Limited,SCHAEFFLER
Rane Holdings Ltd.,RANEHOLDIN
Mangal Credit and Fincorp Limited,MANCREDIT
TRF Ltd,TRF
Prakash Industries Ltd.,PRAKASH
Grindwell Norton Ltd.,GRINDWELL
Lakshmi Precision Screws Ltd.,LAKPRE
Genesys International Corporation Ltd.,GENESYS
Visagar Polytex Ltd,VIVIDHA
Kanani Industries Ltd,KANANIIND
Arihant Superstructures Limited,ARIHANTSUP
Bliss GVS Pharma Limited,BLISSGVS
Styrenix Performance Materials Limited,STYRENIX
Alembic  Ltd,ALEMBICLTD
Amines & Plasticizers Ltd,AMNPLST
Anuh Pharma Ltd.,ANUHPHR
MODISON LIMITED,MODISONLTD
Bayer CropScience Limited.,BAYERCROP
Heubach Colorants India Limited,HEUBACHIND
Coromandel International Limited,COROMANDEL
Deepak Nitrite Limited,DEEPAKNTR
DMCC SPECIALITY CHEMICALS LIMITED,DMCC
GOCL Corporation Limited,GOCLCORP
Kanoria Chemicals & Industries Ltd.,KANORICHEM
Oriental Carbon & Chemicals Ltd.,OCCL
PCBL Chemical Limited,PCBL
Punjab Chemicals and Crop Protection Ltd.,PUNJABCHEM
Sadhana Nitrochem Ltd.,SADHNANIQ
Sudarshan Chemical Indus. Ltd.,SUDARSCHEM
Tecil Chemicals & Hydro Power Limit,TECILCHEM
Unichem Laboratories Ltd.,UNICHEMLAB
Alkyl Amines Chemicals Ltd.,ALKYLAMINE
AstraZeneca Pharma India Ltd.,ASTRAZEN
J.B. Chemicals & Pharmaceuticals Lt,JBCHEPHARM
Tilaknagar Industries Ltd,TI
Sakthi Sugars Ltd.,SAKHTISUG
Walchandnagar Industries Ltd,WALCHANNAG
IFB Agro Industries Ltd,IFBAGRO
G.M. Breweries Ltd.,GMBREW
Rana Sugars Ltd.,RANASUG
Som Distilleries & Breweries Ltd.,SDBL
Associated Alcohols & Breweries Ltd,ASALCBR
Foods & Inns Ltd.,FOODSIN
IVP Ltd.,IVP
Wipro  Ltd.,WIPRO
Dhanuka Agritech Ltd.,DHANUKA
TTK Healthcare Ltd.,TTKHLTCARE
Kanpur Plastipack Limited,KANPRPLA
Tainwala Chemicals & Plastics Ltd,TAINWALCHM
Jagsonpal Pharmaceuticals Limited,JAGSNPHARM
Khaitan Chemicals & Fertilizers Ltd,KHAICHEM
Gillette India Ltd.,GILLETTE
Unitech Ltd.,UNITECH
V.I.P. Industries Ltd.,VIPIND
FIBERWEB (INDIA) LTD.,FIBERWEB
Cosmo First Limited,COSMOFIRST
Apollo Hospitals Enterprises Ltd.,APOLLOHOSP
Everest Industries Ltd.,EVERESTIND
AYM Syntex Limited,AYMSYNTEX
Navneet Education Limited,NAVNETEDUL
AuSom Enterprise Limited,AUSOMENT
Ruchi Infrastructure Ltd,RUCHINFRA
Lancor Holdings Ltd.,LANCORHOL
Visaka Industries Ltd.,VISAKAIND
Infomedia Press Limited,INFOMEDIA
Gufic BioSciences Ltd.,GUFICBIO
GRP Limited,GRPLTD
PTL Enterprises Ltd,PTL
TVS Srichakra Ltd.,TVSSRICHAK
Berger Paints India Ltd,BERGEPAINT
Graphite India Ltd.,GRAPHITE
ITD Cementation India Ltd,ITDCEM
GARWARE TECHNICAL FIBRES LIMITED,GARFIBRES
Goa Carbon Ltd.,GOACARBON
HEG Ltd.,HEG
Hindustan Composites Ltd,HINDCOMPOS
HIL Limited,HIL
Indian Card Clothing Ltd,INDIANCARD
International Conveyors Ltd.,INTLCONV
Jay Shree Tea & Industries Ltd.,JAYSREETEA
HUHTAMAKI INDIA LIMITED,HUHTAMAKI
Shalimar Paints Ltd.,SHALPAINTS
Supreme Industries Ltd.,SUPREMEIND
VST Industries Ltd.,VSTIND
Jindal Drilling & Industries Ltd.,JINDRILL
Sat Industries Ltd,SATINDLTD
Shiva Texyarn Ltd.,SHIVATEX
ICDS Ltd.,ICDSLTD
Can Fin Homes Ltd.,CANFINHOME
IL & FS Investment Managers Ltd.,IVC
Shriram Finance Limited,SHRIRAMFIN
Cholamandalam Investment and Finance Company Ltd,CHOLAFIN
VLS Finance Limited,VLSFINANCE
CREST VENTURES LIMITED,CREST
Vakrangee Limited,VAKRANGEE
Indbank Merchant Banking Services L,INDBANK
Capital Trust Ltd.,CAPTRUST
Monarch Networth Capital Limited,MONARCH
Times Guaranty Ltd.,TIMESGTY
Avonmore Capital & Management Services Limited,AVONMORE
Arihant Capital Markets Ltd.,ARIHANTCAP
DCM Financial Services Ltd.,DCMFINSERV
Sambhaav Media Ltd.,SAMBHAAV
GIC Housing Finance Ltd.,GICHSGFIN
BAID FINSERV LIMITED,BAIDFIN
Vipul Limited,VIPULLTD
UGRO CAPITAL LIMITED,UGROCAP
Muthoot Capital Services Ltd.,MUTHOOTCAP
Master Trust Ltd.,MASTERTR
UPL Limited,UPL
Signet Industries Limited,SIGIND
SECUREKLOUD TECHNOLOGIES LIMITED,SECURKLOUD
Sunteck Realty Ltd,SUNTECK
Jai Corp Limited,JAICORPLTD
Bhagyanagar India Limited,BHAGYANGR
STARTECK FINANCE LIMITED,STARTECK
Lloyds Metals and Energy Limited,LLOYDSME
LLOYDS ENTERPRISES LIMITED,LLOYDSENT
Donear Industries Ltd,DONEAR
Sequent Scientific Limited,SEQUENT
State Trading Corporation of India,STCINDIA
Zenith Exports Ltd.,ZENITHEXPO
Kohinoor Foods Ltd,KOHINOOR
Avanti Feeds ltd.,AVANTIFEED
KEYNOTE FINANCIAL SERVICES LIMITED,KEYFINSERV
Adani Enterprises Ltd.,ADANIENT
Bhandari Hosiery Exports Ltd.,BHANDARI
Orbit Exports Ltd.,ORBTEXP
NAVA LIMITED,NAVA
Shivalik Bimetal Controls Ltd.,SBCL
Gandhi Special Tubes Ltd.,GANDHITUBE
Oricon Enterprises Ltd.,ORICONENT
Pennar Industries Ltd.,PENIND
Jyoti Structures Ltd.,JYOTISTRUC
Steel Strips & Wheels Ltd,SSWL
Man Industries (India) Ltd,MANINDS
Ajmera Realty & Infra India Limited,AJMERA
Carborundum Universal Ltd.,CARBORUNIV
MMTC Ltd.,MMTC
Shah Alloys Limited,SHAHALLOYS
Kalyani Forge Ltd.,KALYANIFRG
Steelcast Ltd.,STEELCAS
PITTI ENGINEERING LIMITED,PITTIENG
Mahamaya Steel Industries Limited,MAHASTEEL
Hindustan Copper Ltd.,HINDCOPPER
NLC India Limited,NLCINDIA
Aro Granite Industries Ltd.,AROGRANITE
Loyal Textiles Mills Ltd,LOYALTEX
Himatsingka Seide Ltd.,HIMATSEIDE
BSL Ltd.,BSL
T T Ltd,TTL
WELSPUN LIVING LIMITED,WELSPUNLIV
Ganesha Ecosphere Limited,GANECOS
Vardhman Polytex Ltd.,VARDMNPOLY
Sangam (India) Ltd,SANGAMIND
Aarvee Denims & Exports Ltd.,AARVEEDEN
Ashima Ltd,ASHIMASYN
Pioneer Embroideries Ltd.,PIONEEREMB
Winsome Yarns Ltd.,WINSOME
Premier Polyfilm Ltd.,PREMIERPOL
Mangalam Organics Limited,MANORG
Mahalaxmi Rubtech Ltd.,MHLXMIRU
Regency Ceramics Ltd,REGENCERAM
Asahi India Glass Ltd.,ASAHIINDIA
Murudeshwar Ceramics Ltd.,MURUDCERA
Anant Raj Limited,ANANTRAJ
Madhav Marbles & Granites Ltd.,MADHAV
Shreyans Industries Limited.,SHREYANIND
Star Paper Mills Ltd.,STARPAPER
PAKKA LIMITED,PAKKA
Arrow Greentech Limited,ARROWGREEN
Vishnu Chemicals Limited,VISHNU
N.R.Agarwal Industries Ltd.,NRAIL
3P LAND HOLDINGS LTD.,3PLAND
Vindhya Telelinks Ltd.,VINDHYATEL
Ador Welding Ltd.,ADORWELD
Salzer Electronics Ltd.,SALZERELEC
Usha Martin Ltd.,USHAMART
Subros Ltd.,SUBROS
Honeywell Automation India Ltd.,HONAUT
Lumax Industries Ltd.,LUMAXIND
DIGISPICE TECHNOLOGIES LIMITED,DIGISPICE
HBL ENGINEERING LIMITED,HBLENGINE
S & S Power Switchgears Ltd.,S&SPOWER
Gujarat Industries Power Co. Ltd,GIPCL
Samvardhana Motherson International Limited,MOTHERSON
Mindteck (India) Ltd,MINDTECK
Havells India Limited,HAVELLS
Igarashi Motors India Ltd.,IGARASHI
Symphony Limited,SYMPHONY
Shyam Telecom Ltd.,SHYAMTEL
Butterfly Gandhimathi Appliances Limited,BUTTERFLY
R S Software India Ltd.,RSSOFTWARE
Websol Energy System Limited,WEBELSOLAR
Roto Pumps Ltd.,ROTO
TTK Prestige Ltd.,TTKPRESTIG
Rajratan Global Wire Ltd,RAJRATAN
Surana Telecom And Power Limited,SURANAT&P
Onward Technologies Ltd.,ONWARDTEC
Centum Electronics Ltd,CENTUM
PVP Ventures Ltd,PVP
Trigyn Technologies Ltd.,TRIGYN
KEI Industries Ltd.,KEI
Anjani Portland Cement Ltd.,APCL
Tasty Bite Eatables Ltd.,TASTYBITE
AVT Natural Products Ltd.,AVTNPL
Hindustan Foods Ltd.,HNDFDS
Nahar Industrial Enterprises Ltd,NAHARINDUS
Vadilal Industries Ltd.,VADILALIND
ADF Foods Limited.,ADFFOODS
William Magor & Company Limited,WILLAMAGOR
SANWARIA CONSUMER LIMITED,SANWARIA
Anik Industries Limited,ANIKINDS
N.K.Industries Ltd.,NKIND
Norben Tea & Exports Ltd,NORBTEAEXP
Heritage Foods Limited,HERITGFOOD
CCL Products (India) Ltd.,CCL
Kellton Tech Solutions Ltd.,KELLTONTEC
RICO Auto Industries Ltd.,RICOAUTO
Omax Autos Ltd.,OMAXAUTO
Munjal Showa Ltd.,MUNJALSHOW
Jamna Auto Industries Ltd.,JAMNAAUTO
TVS Holdings Limited,TVSHLTD
JTEKT India Limited,JTEKTINDIA
Munjal Auto Industries Ltd.,MUNJALAU
Jay Bharat Maruti Ltd.,JAYBARMARU
RACL Geartech Limited,RACLGEAR
Sical Logistics Limited,SICALLOG
Ratnamani Metals & Tubes Ltd,RATNAMANI
Vesuvius India Ltd.,VESUVIUS
Automotive Stampings and Assemblies Ltd.,ASAL
TRANSWORLD SHIPPING LINES LIMITED,TRANSWORLD
Eurotex Industries & Exports Ltd.,EUROTEXIND
Indo Count Industries Ltd,ICIL
Maral Overseas Ltd.,MARALOVER
Soma Textile & Industries Ltd,SOMATEX
Trident Ltd,TRIDENT
Alok Industries Ltd.,ALOKINDS
Nagreeka Exports Ltd.,NAGREEKEXP
Zodiac Clothing Co. Ltd.,ZODIACLOTH
Super Spinning Mills Ltd.,SUPERSPIN
SIL Investments Ltd,SILINV
Suryalakshmi Cotton Mills Ltd.,SURYALAXMI
Damodar Industries Limited,DAMODARIND
Paras Petrofils Ltd.,PARASPETRO
Kitex Garmenets Ltd.,KITEX
United Drilling Tools Ltd.,UNIDT
Windsor Machines Limited,WINDMACHIN
Shanthi Gears Ltd.,SHANTIGEAR
HONDA INDIA POWER PRODUCTS LIMITED,HONDAPOWER
The Hi-Tech Gears Limited,HITECHGEAR
Elgi Equipments Ltd.,ELGIEQUIP
Yuken India Ltd.,YUKEN
Timken India Ltd,TIMKEN
Diamond Power Infrastructure Limited,DIACABS
Praj Industries Ltd.,PRAJIND
HLE GLASCOAT LIMITED,HLEGLAS
Gujarat Apollo Industries Ltd.,GUJAPOLLO
M.M.Forgings Ltd.,MMFL
Mayur Uniquoters ltd.,MAYURUNIQ
Dolphin Offshore Enterprises (India) ltd.,DOLPHIN
Ram Ratna Wires Ltd.,RAMRAT
Jayaswal Neco Industries Ltd,JAYNECOIND
KALPATARU PROJECTS INTERNATIONAL LIMITED,KPIL
Control Print (India) Ltd.,CONTROLPR
Weizmann Limited.,WEIZMANIND
Sinclairs Hotels  Ltd,SINCLAIR
Safari Industries (India) Ltd.,SAFARI
EIH Associated Hotels Ltd.,EIHAHOTELS
Aban  Offshore Ltd.,ABAN
Kokuyo Camlin Ltd,KOKUYOCMLN
Pearl Polymers Ltd.,PEARLPOLY
Venky's (India) ltd.,VENKEYS
Advani Hotels & Resorts (India) Ltd.,ADVANIHOTR
Superhouse limited,SUPERHOUSE
TCPL Packaging Limited,TCPLPACK
Balmer Lawrie & Co. Ltd.,BALMLAWRIE
Eldeco Housing & Ind. Ltd.,ELDEHSG
DCM Shriram Limited,DCMSHRIRAM
DCM Shriram Industries Ltd.,DCMSRIND
Mawana Sugars Ltd,MAWANASUG
Maha Rashtra Apex Corporation Ltd,MAHAPEXLTD
Nilkamal Limited,NILKAMAL
Nahar Polyfilms Ltd.,NAHARPOLY
3M India Ltd.,3MINDIA
Johnson Controls-Hitachi Air Conditioning India Ltd.,JCHAC
JM Financial Limited,JMFINANCIL
Tamilnadu Telecommunications Ltd.,TNTELE
Reliance Industrial Infrastructure,RIIL
Linde India Limited,LINDEINDIA
Precision Wires India ltd.,PRECWIRE
Future Enterprises Limited,FEL
Shipping Corporation Of India Ltd,SCI
ITI Limited (Indian Teleph.Ind.Ltd),ITI
Dredging Corporation of India Ltd.,DREDGECORP
National Fertilizers Ltd.,NFL
PI Industries Limited,PIIND
Plastiblends India Ltd.,PLASTIBLEN
Apcotex Industries Limited,APCOTEXIND
Mastek Limited,MASTEK
EIMCO Elecon India Ltd.,EIMCOELECO
Ashiana Housing Limited,ASHIANA
Dhunseri Ventures Limited,DVL
MAHINDRA EPC IRRIGATION LIMITED,MAHEPC
Mazda Ltd.,MAZDA
Viceroy Hotels Ltd.,VHLTD
Menon Bearings Ltd,MENONBE
Gujarat Raffia Ind. Ltd.,GUJRAFFIA
Simplex Infrastructures Limited,SIMPLEXINF
POONAWALLA FINCORP LIMITED,POONAWALLA
Kingfa Science & Technology (India) Ltd,KINGFA
Rama Phosphates Ltd.,RAMAPHO
Polyplex Corporation Ltd.,POLYPLEX
Albert David Ltd.,ALBERTDAVD
CARYSIL LIMITED,CARYSIL
Kabra Extrusion Technik Ltd,KABRAEXTRU
Vinyl Chemicals (India) Ltd.,VINYLINDIA
IOL Chemicals & Pharmaceuticals Ltd,IOLCP
Vinati Organics Ltd.,VINATIORGA
Aarti Industries Ltd,AARTIIND
Wanbury Limited,WANBURY
Gujarat Ambuja Exports Ltd.,GAEL
Rashtriya Chemicals & Fertilizers Limited,RCF
Kopran Ltd.,KOPRAN
Jayant Agro-Organics Limited.,JAYAGROGN
BCL INDUSTRIES LIMITED,BCLIND
Indo Borax & Chemicals Ltd.,INDOBORAX
Aarti Drugs Limited,AARTIDRUGS
Bodal Chemicals Ltd,BODALCHEM
Orchid Pharma Limited,ORCHPHARMA
Vimta Labs Ltd.,VIMTALABS
Biofil Chemicals & Pharmaceuticals,BIOFILCHEM
Marksans Pharma Ltd.,MARKSANS
Aarey Drugs & Pharmaceuticals Ltd,AAREYDRUGS
Syncom Formulations (India) Ltd.,SYNCOMF
Ipca Laboratories Ltd.,IPCALAB
Kilitch Drugs (I) Ltd.,KILITCH
Krebs Biochemicals & Industries Ltd.,KREBSBIO
Sukhjit Starch & Chemicals Ltd.,SUKHJITS
Neuland Laboratories Limited.,NEULANDLAB
Poddar Pigments Ltd.,PODDARMENT
AksharChem (India) Ltd.,AKSHARCHEM
Indo Amines Ltd.,INDOAMIN
Ind-Swift Ltd.,INDSWFTLTD
Natural Capsules Ltd.,NATCAPSUQ
Savita Oil Technologies Limited,SOTL
Hester Biosciences Ltd,HESTERBIO
NACL Industries Limited,NACLIND
Sun Pharmaceutical Industries Ltd.,SUNPHARMA
Hikal Ltd.,HIKAL
Caplin Point Laboratories Ltd.,CAPLIPOINT
NGL Fine Chem Ltd.,NGLFINE
Aurobindo Pharma Ltd.,AUROPHARMA
Natco Pharma Ltd.,NATCOPHARM
Panama Petrochem Ltd.,PANAMAPET
Bal Pharma Ltd.,BALPHARMA
Cubex Tubings Ltd,CUBEXTUB
Hitech Corporation Limited,HITECHCORP
Filatex India Ltd.,FILATEX
Premier Explosives Ltd.,PREMEXPLN
Mold-Tek Technologies Ltd,MOLDTECH
Mphasis Limited,MPHASIS
Orient Press ltd.,ORIENTLTD
Ganesh Housing Corporation Ltd.,GANESHHOUC
NMDC Ltd,NMDC
Patel Integrated Logistics Ltd,PATINTLOG
Alphageo (India)Ltd.,ALPHAGEO
Kriti Industries (India) Ltd.,KRITI
Sanghi Industries Ltd.,SANGHIIND
Country Club Hospitality & Holidays Ltd,CCHHL
TPL Plastech Limited,TPLPLASTEH
Liberty Shoes Ltd.,LIBERTSHOE
Electrotherm (India) Ltd,ELECTHERM
Blue Dart Express Ltd.,BLUEDART
Mirza International  Limited,MIRZAINT
Tourism Finance Corpn. Of India Ltd,TFCILTD
Rajdarshan Industries Ltd.,ARENTERP
Bhartiya International Ltd.,BIL
Kamat Hotels (India) ltd.,KAMATHOTEL
DSJ KEEP LEARNING LIMITED,KEEPLEARN
Sandesh Ltd.,SANDESH
Goldiam International Ltd.,GOLDIAM
Greenply Industries Ltd,GREENPLY
Seamec Ltd,SEAMECLTD
Cheviot Co.Ltd.,CHEVIOT
Confidence Petroleum India Limited,CONFIPET
Banaras Beads Ltd.,BANARBEADS
63 Moons Technologies Limited,63MOONS
Sarla Performance Fibers Ltd,SARLAPOLY
Twentyfirst Century Management Serv,21STCENMGM
La Opala RG Ltd.,LAOPALA
Stylam Industries Limited,STYLAMIND
Venus Remedies Ltd.,VENUSREM
Urja Global Limited,URJA
Ashapura Minechem Ltd,ASHAPURMIN
Gujarat Alkalis & Chemicals Ltd.,GUJALKALI
India Cements Ltd.,INDIACEM
JK Tyre & Industries Ltd.,JKTYRE
Mangalore Chemicals & Fertilisers L,MANGCHEFER
Standard Industries Ltd.,SIL
JUBILANT PHARMOVA LIMITED,JUBLPHARMA
THE INVESTMENT TRUST OF INDIA LIMITED,THEINVEST
CSL Finance Limited,CSLFINANCE
Sanghvi Movers Ltd.,SANGHVIMOV
Selan Exploration Technology Ltd.,SELAN
Faze Three Ltd.,FAZE3Q
PRIVI SPECIALITY CHEMICALS LIMITED,PRIVISCL
Udaipur Cement Works Limited,UDAICEMENT
Optiemus Infracom Limited,OPTIEMUS
Themis Medicare Ltd.,THEMISMED
Suven Life Sciences Ltd.,SUVEN
Kothari Products Ltd.,KOTHARIPRO
Chaman Lal Setia Exports Ltd.,CLSEL
Genus Power Infrastructures Ltd,GENUSPOWER
ASIAN ENERGY SERVICES LTD,ASIANENE
Ugar Sugar Works Ltd.,UGARSUGAR
Orient Bell Limited,ORIENTBELL
NRB Bearings Ltd.,NRBBEARING
Nila Infrastructures Ltd,NILAINFRA
DB(INTERNATIONAL)Stock Brokers Ltd,DBSTOCKBRO
Relaxo Footwears Ltd.,RELAXO
Shilpa Medicare Ltd.,SHILPAMED
Paramount Communications Ltd.,PARACABLES
U. Y. FINCORP LIMITED,UYFINCORP
Goodluck India Limited,GOODLUCK
Supreme Holdings & Hospitality (India) Ltd,SUPREME
Raj Rayon Industries Limited,RAJRILTD
Alps Industries Ltd.,ALPSINDUS
Sterling Tools Ltd.,STERTOOLS
Bhageria Industries Limited,BHAGERIA
KRBL Ltd.,KRBL
Cupid Limited,CUPID
Chembond Chemicals Ltd.,CHEMBOND
Remsons Industries Ltd.,REMSONSIND
Sri Adhikari Brothers Television Ne,SABTNL
Vikas EcoTech Limited,VIKASECO
Indian Oil Corporation Ltd.,IOC
Balaji Amines Ltd.,BALAMINES
Alankit Limited,ALANKIT
OM INFRA LIMITED,OMINFRAL
BALU FORGE INDUSTRIES LIMITED,BALUFORGE
Patel Engineering Ltd,PATELENG
Medicamen Biotech Ltd.,MEDICAMEQ
Alicon Castalloy Limited,ALICON
Emami Ltd,EMAMILTD
Arman Financial Services Limited,ARMANFIN
Nucleus Software Exports Ltd,NUCLEUS
Manappuram Finance Limited,MANAPPURAM
XTGLOBAL INFOTECH LIMITED,XTGLOBAL
LINC LIMITED,LINC
V.S.T.Tillers Tractors Ltd.,VSTTILLERS
SRI HAVISHA HOSPITALITY AND INFRASTRUCTURE LIMITED,HAVISHA
Zydus Wellness Limited,ZYDUSWELL
Container Corporation Of India Ltd.,CONCOR
Panacea Biotec Ltd.,PANACEABIO
Choice International Ltd,CHOICEIN
The Byke Hospitality    Ltd,BYKE
Almondz Global Securities Limited,ALMONDZ
Tamil Nadu Newsprint And Papers Ltd,TNPL
Shakti Pumps (India) Ltd.,SHAKTIPUMP
AION-TECH SOLUTIONS LIMITED,GOLDTECH
GRM Overseas Ltd.,GRMOVER
Mohit Industries Limited,MOHITIND
NAVKAR URBANSTRUCTURE LIMITED,NAVKARURB
Blue Coast Hotels Ltd,BLUECOAST
Madhucon Projects Ltd.,MADHUCON
Rajesh Exports Ltd.,RAJESHEXPO
Eveready Industries India Ltd.,EVEREADY
Hatsun Agro Products Ltd.,HATSUN
Jindal Worldwide Ltd.,JINDWORLD
Somany Ceramics Limited,SOMANYCERA
Coral India Finance And Housing Ltd,CORALFINAC
Capri Global Capital Limited,CGCL
FDC Ltd.,FDC
Country Condo's Ltd,COUNCODOS
Lincoln Pharmaceuticals ltd.,LINCOLN
Suraj Ltd.,SURAJLTD
Marico Limited,MARICO
Vidhi Specialty Food Ingredients Limited,VIDHIING
Bhagiradha Chemicals and Industries,BHAGCHEM
GACM Technologies Limited,GATECH
Prajay Engineers Syndicate Ltd.,PRAENG
APOLLO PIPES LIMITED,APOLLOPIPE
Poly Medicure Ltd,POLYMED
Atul Auto Limited,ATULAUTO
ZENITH STEEL PIPES AND  INDUSTRIES LIMITED,ZENITHSTL
Khandwala Securities Ltd.,KHANDSE
Agarwal Industrial Corporation Limited,AGARIND
Blue Chip India Ltd,BLUECHIP
Ambika Cotton Mills Ltd.,AMBIKCO
LCC Infotech Ltd.,LCCINFOTEC
Filatex Fashions Ltd,FILATFASH
Sindhu Trade Links Limited,SINDHUTRAD
Swelect Energy Systems Limited,SWELECTES
KDDL Ltd,KDDL
Bank Of Baroda,BANKBARODA
Andhra Cement Ltd.,ACL
SKM Egg Products Exports (India) Lt,SKMEGGPROD
Welspun Corp Limited,WELCORP
Bank of India,BANKINDIA
Indraprastha Medical Corporation Lt,INDRAMEDCO
Gail (India) Ltd.,GAIL
Vaibhav Global Ltd,VAIBHAVGBL
JK Paper Ltd.,JKPAPER
Saregama India Ltd.,SAREGAMA
Adroit Infotech Limited,ADROITINFO
Cybertech Systems and Software Ltd.,CYBERTECH
ICICI Bank Ltd.,ICICIBANK
Cyient Limited,CYIENT
Engineers India Ltd.,ENGINERSIN
Dhanlaxmi Bank Limited,DHANBANK
Gujarat Mineral Development Corpora,GMDCLTD
IndusInd Bank Ltd.,INDUSINDBK
India Tourism Development Corporati,ITDC
Jammu and Kashmir Bank Ltd.,J&KBANK
City Union Bank Ltd,CUB
Archies Ltd.,ARCHIES
AXIS Bank Ltd.,AXISBANK
HB Stockholdings Ltd.,HBSL
South Indian Bank Ltd.,SOUTHBANK
Energy Development Company Ltd.,ENERGYDEV
Sonata Software Ltd.,SONATSOFTW
National Aluminium Co. Ltd.,NATIONALUM
India Nippon Electricals Ltd,INDNIPPON
Nalwa Sons Investment Ltd,NSIL
Apar Industries Ltd,APARINDS
ACCELYA SOLUTIONS INDIA LIMITED,ACCELYA
ORCHASP LIMITED,ORCHASP
HCL Technologies Ltd,HCLTECH
Geojit Financial Services Limited,GEOJITFSL
Jindal Steel & Power Ltd,JINDALSTEL
BLB Limited,BLBLIMITED
Glenmark Pharmaceuticals ltd,GLENMARK
Wockhardt Ltd,WOCKPHARMA
Ind-Swift Laboratories Ltd.,INDSWFTLAB
GE Power India Limited,GEPIL
Shree Rama Multi-tech Ltd.,SHREERAMA
Mahindra Lifespace Developers Ltd.,MAHLIFE
Zydus Lifesciences Limited,ZYDUSLIFE
Cinevista Limited,CINEVISTA
Intense Technologies,INTENTECH
Ajanta Pharma Ltd.,AJANTPHARM
Ambica Agarbathies & Aroma Ind. Ltd.,AMBICAAGAR
Compucom Software Lt.,COMPUSOFT
IZMO Limited,IZMO
TVS Motor Company Ltd.,TVSMOTOR
ALLCARGO GATI LIMITED,ACLGATI
Subex  Ltd,SUBEXLTD
Transport Corporation of India Ltd,TCI
Aksh Optifibre Ltd.,AKSHOPTFBR
Triveni Engineering & Industries Ltd,TRIVENI
Mukta Arts Ltd.,MUKTAARTS
Dynacons Systems & Solutions Ltd.,DSSL
PNB Gilts Ltd,PNBGILTS
Ramco Industries Ltd,RAMCOIND
Ramco Systems Ltd,RAMCOSYS
Tata Teleservices (Maharashtra) Ltd.,TTML
Virinchi Limited,VIRINCHI
Sterlite Technologies Limited.,STLTECH
TIPS MUSIC LIMITED,TIPSMUSIC
MRO-TEK Realty Limited,MRO-TEK
Balaji Telefilms Ltd.,BALAJITELE
California Software Co. Ltd.,CALSOFT
Pritish Nandy Communications Ltd,PNC
Indian Overseas Bank,IOB
Taj GVK Hotels & Resorts Ltd.,TAJGVK
Creative Eye Ltd.,CREATIVEYE
AXISCADES TECHNOLOGIES LIMITED,AXISCADES
Usha Martin Education & Solutions Limited,UMESLTD
BIRLASOFT LIMITED,BSOFT
Avantel Limited,AVANTEL
MOSCHIP TECHNOLOGIES LIMITED,MOSCHIP
Megasoft Ltd.,MEGASOFT
Cerebra Integrated Technologies Ltd.,CEREBRAINT
Next Mediaworks Ltd,NEXTMEDIA
Smartlink Holdings Limited,SMARTLINK
Godrej Consumer Products Ltd.,GODREJCP
BF Utilities Ltd.,BFUTILITIE
United Spirits Limited,UNITDSPR
OLECTRA GREENTECH LIMITED,OLECTRA
MPS Limited,MPSLTD
Cera Sanitaryware Ltd.,CERA
Bharti Airtel  Ltd.,BHARTIARTL
Compuage Infocom Ltd,COMPINFO
Gulshan Polyols Ltd.,GULPOLY
Ponni Sugars (Erode) Ltd.,PONNIERODE
Punjab National Bank,PNB
Oracle Financial Services Software Limited,OFSS
Aptech Ltd.,APTECHT
Union Bank of India,UNIONBANK
United Breweries Ltd.,UBL
Noida Toll Bridge Company Ltd,NOIDATOLL
Granules India Ltd.,GRANULES
Canara Bank,CANBK
Pokarna Ltd.,POKARNA
Divi's Laboratories Ltd.,DIVISLAB
Astra Microwave Products Ltd.,ASTRAMICRO
Radico Khaitan Ltd.,RADICO
Maruti Suzuki India  Ltd.,MARUTI
Navin Fluorine International Limited,NAVINFLUOR
UCO Bank,UCOBANK
B.A.G. Films & Media Ltd,BAGFILMS
Jindal Stainless Limited,JSL
Suprajit Engineering Ltd.,SUPRAJIT
TVS Electronics Ltd.,TVSELECT
Indraprashtha Gas Ltd.,IGL
T.V.Today Network Limited,TVTODAY
Palred Technologies Limited,PALREDTEC
PETRONET LNG LTD.,PETRONET
Biocon Ltd.,BIOCON
PTC India Ltd,PTC
Bank of maharashtra,MAHABANK
ramkrishna forgings Ltd.,RKFORGE
Datamatics Global Services Limited,DATAMATICS
New Delhi Television Limited,NDTV
STRIDES PHARMA SCIENCE LIMITED,STAR
Jaiprakash Associates Limited,JPASSOCIAT
UltraTech Cement Ltd,ULTRACEMCO
UNO Minda Limited,UNOMINDA
Tata Consultancy Services Ltd.,TCS
COFORGE LIMITED,COFORGE
GP Petroleums Limited,GULFPETRO
Century Plyboards (India) Ltd.,CENTURYPLY
Welspun Enterprises Limited,WELENT
NTPC Limited,NTPC
S.A.L. Steel Ltd.,SALSTEEL
JBM Auto Limited,JBMA
Dwarikesh Sugar Industries Ltd.,DWARKESH
Indoco Remedies Ltd.,INDOCO
VIP Clothing Limited,VIPCLOTHNG
Impex Ferro tech Ltd.,IMPEXFERRO
Xchanging Solutions Limited,XCHANGING
Morarjee Textiles Limited,MORARJEE
Jindal Photo Limited,JINDALPHOT
Pondy Oxides & Chemicals Limited,POCL
Jaiprakash Power Ventures Limited,JPPOWER
3i Infotech limited,3IINFOLTD
Gokaldas Exports Ltd,GOKEX
Alldigi Tech Limited,ALLDIGI
IIFL FINANCE LIMITED ,IIFL
Mangalam Drugs and Organics Ltd.,MANGALAM
Shoppers Stop Ltd,SHOPERSTOP
Cyber Media (India) Ltd.,CYBERMEDIA
Nandan Denim Limited,NDL
JSW Holdings Limited,JSWHL
J.K. CEMENT LTD,JKCEMENT
Yes Bank Ltd.,YESBANK
Nectar Lifesciences Limited,NECLIFE
MSP STEEL & POWER LTD.,MSPL
SPL INDUSTRIES LIMITED,SPLIL
Karnataka Bank Ltd.,KTKBANK
McLeod Russel India Limited,MCLEODRUSS
Rane (Madras)  Ltd.,RML
HT Media Ltd,HTMEDIA
Sasken Technologies Limited,SASKEN
FCS Software Solutions Ltd.,FCSSOFT
SUZLON ENERGY LTD.,SUZLON
Aurionpro Solutions Ltd.,AURIONPRO
Shree Renuka Sugars Ltd.,RENUKA
K. M. Sugar Mills Ltd.,KMSUGAR
Bannari Amman Spinning Mills Ltd,BASML
AIA Engineering Ltd.,AIAENG
Everest Kanto Cylinders Ltd.,EKC
Kernex Microsystems (India) Ltd.,KERNEX
Repro India Ltd.,REPRO
PVR INOX LIMITED,PVRINOX
Bartronics India Ltd.,ASMS
Celebrity Fashions Ltd.,CELEBRITY
Nitin Spinners Ltd.,NITINSPIN
Royal Orchid Hotels Ltd,ROHLTD
Entertainment Network (India) Ltd,ENIL
Gujarat State Petronet Ltd.,GSPL
Jagran Prakashan Limited,JAGRAN
Dynemic Products Ltd.,DYNPRO
GVK Power & Infrastructure Ltd,GVKPIL
Sadbhav Engineering Ltd.,SADBHAV
Sakuma Exports Ltd.,SAKUMA
KEC International Ltd.,KEC
Gillanders Arbuthnot & Co. Ltd.,GILLANDERS
Indo Tech Transformers Limited,INDOTECH
B L Kashyap and Sons Ltd,BLKASHYAP
Mahindra & Mahindra Financial Services Limited,M&MFIN
Nitco Ltd.,NITCO
Solar Industries India Limited,SOLARINDS
GALLANTT ISPAT LIMITED,GALLANTT
Malu Paper Mills Limited,MALUPAPER
Uttam Sugar Mills Ltd,UTTAMSUGAR
STL Global Ltd,SGL
Kewal Kiran Clothing Ltd.,KKCL
SUN TV NETWORK LIMITED,SUNTV
GODAWARI POWER AND ISPAT LTD.,GPIL
R Systems International Limited,RSYSTEMS
Emkay Global Financial Services Ltd,EMKAY
TWAMEV CONSTRUCTION AND INFRASTRUCTURE LIMITED,TICL
Lokesh Machines Limited,LOKESHMACH
Kamdhenu Limited,KAMDHENU
Prime Focus Limited,PFOCUS
Allcargo Logistics Ltd,ALLCARGO
GMR Airports Limited,GMRAIRPORT
Tech Mahindra Limited,TECHM
CIE Automotive India Limited,CIEINDIA
VOLTAMP TRANSFORMERS LIMITED,VOLTAMP
ATLANTAA LIMITED,ATLANTAA
HOV Services Limited,HOVS
Action Construction Equipments Ltd.,ACE
GeeCee Ventures Limited,GEECEE
Gayatri Projects Limited,GAYAPROJ
FIEM INDUSTRIES LIMITED,FIEMIND
JHS Svendgaard Laboratories Ltd.,JHS
DCB Bank Limited,DCBBANK
Global Vectra Helicorp Ltd.,GLOBALVECT
Inspirisys Solutions Limited,INSPIRISYS
GTL Infrastructure Limited,GTLINFRA
SHIVAM AUTOTECH LIMITED,SHIVAMAUTO
Info Edge(India) Ltd.,NAUKRI
TORRENT POWER LIMITED,TORNTPOWER
Parsvnath Developers Ltd.,PARSVNATH
SUTLEJ TEXTILES & INDUSTRIES LIMITED,SUTLEJTEX
LT Foods Limited,LTFOODS
Sobha Limited,SOBHA
Ruchira Papers Ltd,RUCHIRA
TANLA PLATFORMS LIMITED,TANLA
Zee Media Corporation Limited,ZEEMEDIA
Siti Networks Limited,SITINET
Lumax Auto Technologies Ltd.,LUMAXTECH
AUTOLINE INDUSTRIES LTD.,AUTOIND
Network 18 Media & Investments Limited,NETWORK18
Hubtown Limited,HUBTOWN
Cambridge Technology Enterprises Ltd.,CTE
Technocraft Industries (India) Ltd.,TIIL
Redington Limited,REDINGTON
Cineline India Limited,CINELINE
Pearl Global Industries Limited,PGIL
Firstsource Solutions Ltd.,FSL
Power Finance Corporation Ltd,PFC
Ahluwalia Contracts (India) Ltd,AHLUCONT
Transwarranty Finance Limited,TFL
Indian Bank,INDIANB
SMS Pharmaceuticals Ltd,SMSPHARMA
Oriental Trimex Limited,ORIENTALTL
VODAFONE IDEA LIMITED,IDEA
Raj Television Network Ltd,RAJTV
Page Industries Ltd.,PAGEIND
AMD Industries Ltd,AMDIND
ASTRAL LIMITED,ASTRAL
EQUINOX INDIA DEVELOPMENTS LIMITED,EMBDL
Camlin Fine Sciences Ltd,CAMLINFINE
ICRA Limited,ICRA
Dish TV India Limited,DISHTV
SAHYADRI INDUSTRIES LTD.,SAHYADRI
Sree Rayalaseema Hi-Strength Hypo Limited,SRHHYPOLTD
Fortis Healthcare Ltd,FORTIS
TGB Banquets and Hotels Limited,TGBHOTELS
HILTON METAL FORGING LIMITED,HILTON
Delta Corp Limited,DELTACORP
MIC Electronics Limited,MICEL
Insecticides India Ltd.,INSECTICID
Asahi Songwon Colors Ltd.,ASAHISONG
Time Technoplast Limited,TIMETECHNO
Hinduja Global Solutions Limited,HGS
Nelcast Limited,NELCAST
V2 Retail Limited,V2RETAIL
DLF LIMITED,DLF
Tarmat Limited,TARMAT
Ankit Metal  & Power Limited,ANKITMETAL
Sun Pharma Advanced Research Company Ltd.,SPARC
Allied Digital Services Limited,ADSL
Alpa Laboratories Limited,ALPA
OMAXE LIMITED,OMAXE
Refex Industries Limited,REFEX
Central Bank of India,CENTRALBK
SEL Manufacturing Company Limited,SELMC
ASIAN GRANITO INDIA LIMITED,ASIANTILES
K.P.R. Mill Ltd.,KPRMILL
Take Solutions Ltd,TAKE
Puravankara Limited,PURVA
Motilal Oswal Financial Services Limited,MOTILALOFS
Indowind Energy Ltd.,INDOWIND
Nagreeka Capital & Infrastructure Limited,NAGREEKCAP
MAGNUM VENTURES LIMITED,MAGNUM
POWER GRID CORPORATION OF INDIA LIMITED,POWERGRID
Kaveri Seed Company Ltd,KSCL
PAISALO DIGITAL LIMITED,PAISALO
Consolidated Construction Consortium Ltd,CCCL
Supreme Infrastructure India Limited,SUPREMEINF
MAAN ALUMINIUM LIMITED,MAANALU
IL&FS Engineering and Construction Company Ltd,IL&FSENGG
Religare Enterprises Ltd,RELIGARE
BARAK VALLEY CEMENTS LIMITED,BVCL
Adani Ports and Special Economic Zone Ltd,ADANIPORTS
Edelweiss Financial Services Ltd.,EDELWEISS
RENAISSANCE GLOBAL LIMITED,RGL
Kolte-Patil Developers Ltd,KOLTEPATIL
Kaushalya Infrastructure Development Corporation Ltd,KAUSHALYA
JYOTHY LABS LIMITED,JYOTHYLAB
eClerx Services Limited,ECLERX
Transformers and Rectifiers (India) Limited,TARIL
Brigade Enterprises Limited,BRIGADE
BGR ENERGY SYSTEMS LIMITED,BGRENERGY
MANAKSIA LIMITED,MANAKSIA
PPAP Automotive Limited,PPAP
Aries Agro Limited,ARIES
Kuantum Papers Limited,KUANTUM
Reliance Power Limited,RPOWER
J. Kumar Infraprojects Limited,JKIL
Cords Cable Industries Limited,CORDSCABLE
KNR Constructions Limited,KNRCON
OnMobile Global Ltd.,ONMOBILE
SEPC LIMITED,SEPC
Bang Overseas Ltd,BANG
IRB Infrastructure Developers Limited,IRB
GSS Infotech Ltd,GSS
Nahar Capital & Financial Services Ltd.,NAHARCAP
V-Guard Industries Ltd.,VGUARD
REC LIMITED,RECLTD
Dhani Services Limited,DHANI
TITAGARH RAIL SYSTEMS LIMITED,TITAGARH
KIRI INDUSTRIES LIMITED,KIRIINDUS
Aditya Birla  Money Ltd,BIRLAMONEY
Jai Balaji Industries Limited,JAIBALAJI
Bajaj Auto Limited,BAJAJ-AUTO
Bajaj Finserv Limited,BAJAJFINSV
Gokul Refoils and Solvent Limited,GOKUL
RPG Life Sciences Limited,RPGLIFE
Niraj Cement Structurals Limited,NIRAJ
Rane Brake Lining Limited,RBL
Rane Engine Valve Limited,RANEENGINE
Bafna Pharmaceuticals Limited,BAFNAPH
SEJAL GLASS LIMITED,SEJALLTD
Archidply Industries Limited,ARCHIDPLY
Lotus Eye Hospital And Institute Limited,LOTUSEYE
SOMI CONVEYOR BELTINGS LIMITED,SOMICONVEY
Landmark Property Development Company Ltd.,LPDC
20 Microns Limited,20MICRONS
ZF Commercial Vehicle Control Systems India Limited,ZFCVINDIA
Alkali Metals Limited,ALKALI
ISGEC Heavy Engineering Limited,ISGEC
Indian Metals & Ferro Alloys Limited,IMFA
Teamo Productions HQ Limited,TPHQ
Mold-Tek Packaging Limited,MOLDTKPAC
Mahindra Holidays & Resorts India Limited,MHRIL
Excel Realty N Infra Limited,EXCEL
RAJ OIL MILLS LIMITED,ROML
Adani Power Limited,ADANIPOWER
NHPC Limited,NHPC
Globus Spirits Limited,GLOBUSSPR
Oil India Limited,OIL
EXPLEO SOLUTIONS LIMITED,EXPLEOSOL
RattanIndia Power Limited,RTNPOWER
DEN Networks Limited,DEN
ASTEC LIFESCIENCES LIMITED,ASTEC
D-Link (India) Ltd,DLINKINDIA
JSW Energy Limited,JSWENERGY
Godrej Properties Limited,GODREJPROP
D.B.Corp Limited,DBCORP
MBL Infrastructure Ltd,MBLINFRA
Jubilant Foodworks Limited,JUBLFOOD
Vascon Engineers Limited,VASCONEQ
Thangamayil Jewellery Limited,THANGAMAYL
VALOR ESTATE LIMITED,DBREALTY
Emmbi Industries Limited,EMMBI
Hathway Cable & Datacom Limited,HATHWAY
Texmo Pipes and Products Limited,TEXMOPIPES
Sundaram Multi Pap Ltd.,SUNDARAM
Rossell India Limited,ROSSELLIND
MAN INFRACONSTRUCTION LIMITED,MANINFRA
IL&FS Transportation Networks Limited,IL&FSTRANS
Persistent Systems Limited,PERSISTENT
Intrasoft Technologies Limited,ISFT
Goenka Diamond & Jewels Ltd,GOENKA
K C P SUGAR AND INDUSTRIES CORPORATION LTD.,KCPSUGIND
KIRLOSKAR ELECTRIC COMPANY LTD.,KECL
TARAPUR TRANSFORMERS LIMITED,TARAPUR
SJVN LIMITED,SJVN
Emami Paper Mills Ltd.,EMAMIPAP
Kriti Nutrients Ltd,KRITINUT
Hindustan Media Ventures Limited,HMVL
EMAMI REALTY LIMITED,EMAMIREAL
Asian Hotels (East) Limited,AHLEAST
BAJAJ CONSUMER CARE LIMITED,BAJAJCON
Prakash Steelage Limited,PRAKASHSTL
Gujarat Pipavav Port Limited,GPPL
Welspun Investments and Commercials Ltd.,WELINV
Sastasundar Ventures Limited,SASTASUNDR
Career Point Limited,CAREERP
Ramky Infrastructure Limited,RAMKY
Orient Green Power Company Limited,GREENPOWER
CANTABIL RETAIL INDIA LIMITED,CANTABIL
VA Tech Wabag Limited,WABAG
Bedmutha Industries Limited,BEDMUTHA
Ashoka Buildcon Limited,ASHOKA
JUPITER WAGONS LIMITED,JWL
OBEROI REALTY LIMITED,OBEROIRLTY
Prestige Estates Projects Limited,PRESTIGE
SHAH METACORP LIMITED,SHAH
Coal India Limited,COALINDIA
GRAVITA INDIA LIMITED,GRAVITA
RPP INFRA PROJECTS LIMITED,RPPINFRA
MOIL Limited,MOIL
ZEE LEARN LIMITED,ZEELEARN
A2Z Infra Engineering Limited,A2ZINFRA
Kirloskar Oil Engines Limited,KIRLOSENG
Ravi Kumar Distilleries Limited,RKDL
PUNJAB & SIND BANK,PSB
Future Market Networks Limited,FMNL
Surana Solar Limited,SURANASOL
SHEKHAWATI INDUSTRIES LIMITED,SHEKHAWATI
Kalyani Investment Company Limited,KICL
BF Investment Limited,BFINVEST
SUMMIT SECURITIES LTD.,SUMMITSEC
STEL HoldingsÂ Limited,STEL
Texmaco Rail & Engineering Limited,TEXRAIL
Indian Terrain Fashions Limited,INDTERRAIN
Fineotex Chemical Limited,FCL
Dhunseri Investments Ltd,DHUNINV
Zen Technologies Ltd.,ZENTEC
Lovable Lingerie Limited,LOVABLE
PTC India Financial Services Limited,PFS
MUTHOOT FINANCE LIMITED,MUTHOOTFIN
Karma Energy Limited,KARMAENG
DELPHI WORLD MONEY LIMITED,DELPHIFX
Rushil Decor Limited,RUSHIL
Kridhan Infra Limited,KRIDHANINF
INVENTURE GROWTH & SECURITIES LIMITED,INVENTURE
L&T Finance Limited,LTF
Yaari Digital Integrated Services Ltd,YAARI
Tree House Education & Accessories Limited,TREEHOUSE
BROOKS LABORATORIES LIMITED,BROOKS
RUPA & COMPANY LIMITED,RUPA
TD Power Systems Ltd,TDPOWERSYS
ALEMBIC PHARMACEUTICALS LIMITED,APLLTD
Vaswani Industries Limited,VASWANI
PG Electroplast Limited,PGEL
SETUBANDHAN INFRASTRUCTURE LIMITED,SETUINFRA
TIJARIA POLYPIPES LIMITED,TIJARIA
Onelife Capital Advisors Ltd,ONELIFECAP
FLEXITUFF VENTURES INTERNATIONAL LIMITED,FLEXITUFF
Triveni Turbine Limited,TRITURBINE
Indo Thai Securities Limited,INDOTHAI
Essar Shipping Ltd,ESSARSHPNG
APL Apollo Tubes Limited,APLAPOLLO
GPT Infraprojects limited,GPTINFRA
THOMAS SCOTT (INDIA) LIMITED,THOMASCOTT
Tera Software Ltd.,TERASOFT
RHI MAGNESITA INDIA LIMITED,RHIM
Multi Commodity Exchange of India Ltd,MCX
SCHNEIDER ELECTRIC INFRASTRUCTURE LIMITED,SCHNEIDER
NBCC (India) Limited,NBCC
Hexa Tradex Limited,HEXATRADEX
Tribhovandas Bhimji Zaveri Limited,TBZ
Vardhman Special Steels Ltd,VSSL
Speciality Restaurants Limited,SPECIALITY
Lypsa Gems & Jewellery Limited,LYPSAGEMS
RATTANINDIA ENTERPRISES LIMITED,RTNINDIA
Sampann Utpadan India Limited,SAMPANN
JTL INDUSTRIES LIMITED,JTLIND
North Eastern Carrying Corporation Limited,NECCLTD
Ducon Infratechnologies Limited,DUCON
PROZONE REALTY LIMITED,PROZONER
SRG Housing Finance Limited,SRGHFL
ZUARI AGRO CHEMICALS LIMITED,ZUARI
Steel Exchange India Ltd.,STEELXIND
Cigniti Technologies Ltd,CIGNITITEC
CARE Ratings Limited,CARERATING
PC JEWELLER LIMITED,PCJEWELLER
INDUS TOWERS LIMITED,INDUSTOWER
V-Mart Retail Limited,VMART
NIBE LIMITED,NIBE
Repco Home Finance Limited,REPCOHOME
NRB INDUSTRIAL BEARINGS LIMITED,NIBL
Sreeleathers Limited,SREEL
Sharda Motor Industries Ltd,SHARDAMOTR
Just Dial Limited,JUSTDIAL
ORIENT CEMENT LIMITED,ORIENTCEM
Aditya Birla Fashion and Retail Limited,ABFRL
Sammaan Capital Limited,SAMMAANCAP
Integra Essentia Limited,ESSENTIA
Future Lifestyle Fashions Limited,FLFL
JINDAL POLY INVESTMENT AND FINANCE COMPANY LIMITED,JPOLYINVST
Suyog Telematics Limited,SUYOG
Nath Biogene India Ltd.,NATHBIOGEN
Agri-Tech India Ltd.,AGRITECH
RACE ECO CHAIN LIMITED,RACE
VIJI FINANCE LIMITED,VIJIFIN
Wonderla Holidays Limited,WONDERLA
INCREDIBLE INDUSTRIES LIMITED,INCREDIBLE
Worth Investment & Trading Co Limited,WORTH
Skipper Limited,SKIPPER
Gulf Oil Lubricants India Limited,GULFOILLUB
SNOWMAN LOGISTICS LIMITED,SNOWMAN
Sharda Cropchem Limited,SHARDACROP
SHEMAROO ENTERTAINMENT LIMITED,SHEMAROO
PDS LIMITED,PDSL
INTELLECT DESIGN ARENA LIMITED,INTELLECT
Monte Carlo Fashions Limited,MONTECARLO
MAGELLANIC CLOUD LIMITED,MCLOUD
Dhunseri Tea & Industries Ltd,DTIL
VINTAGE COFFEE AND BEVERAGES LIMITED,VINCOFE
GENUS PAPER & BOARDS LIMITED,GENUSPAPER
Minda Corporation Limited,MINDACORP
Greenlam Industries Ltd,GREENLAM
PTC Industries Ltd.,PTCIL
Ortel Communications Limited,ORTEL
AGI Infra Limited,AGIIL
Manaksia Steels Limited,MANAKSTEEL
Manaksia Aluminium Company Ltd,MANAKALUCO
Manaksia Coated Metals & Industries Ltd,MANAKCOAT
IMAGICAAWORLD ENTERTAINMENT LIMITED,IMAGICAA
Inox Wind Limited,INOXWIND
VRL Logistics Limited,VRLLOG
MEP Infrastructure Developers Limited,MEP
UFO Moviez India Limited,UFO
Shivalik Rasayan Ltd.,SHIVALIK
PNC Infratech Limited,PNCINFRA
Authum Investment & Infrastructure Limited,AIIL
SATIA INDUSTRIES LIMITED,SATIA
Sportking India Ltd.,SPORTKING
Balkrishna Paper Mills Ltd,BALKRISHNA
Shyam Century Ferrous Limited,SHYAMCENT
Adani Energy Solutions Limited,ADANIENSOL
Syngene International Limited,SYNGENE
Kaya Limited,KAYA
ORTIN GLOBAL LIMITED,ORTINGLOBE
 Aurum PropTech Limited,AURUM
Oswal Greentech Limited,OSWALGREEN
Arvind SmartSpaces Limited,ARVSMART
Power Mech Projects Limited,POWERMECH
Rama Steel Tubes Limited,RAMASTEEL
VETO SWITCHGEARS AND CABLES LIMITED,VETO
Navkar Corporation Limited,NAVKARCORP
Shree Pushkar Chemicals & Fertilisers Limited,SHREEPUSHK
Gujarat Gas Limited,GUJGASLTD
Sadbhav Infrastructure Project Limited,SADBHIN
Pritika Auto Industries Limited,PRITIKAUTO
MALLCOM (INDIA) LTD.,MALLCOM
SATIN CREDITCARE NETWORK LIMITED,SATIN
Generic Engineering Construction and Projects Limited,GENCON
IDFC FIRST BANK LIMITED,IDFCFIRSTB
InterGlobe Aviation Limited,INDIGO
S H Kelkar and Company Limited,SHK
Alkem Laboratories Limited,ALKEM
Dr. Lal Pathlabs Limited,LALPATHLAB
Creative Castings Limited,CREATIVE
LUX Industries Limited,LUXIND
Narayana Hrudayalaya Limited,NH
Precision Camshafts Limited,PRECAM
TeamLease Services Limited,TEAMLEASE
BEST AGROLIFE LIMITED,BESTAGRO
Quick Heal Technologies Limited,QUICKHEAL
K.P. Energy Limited,KPEL
Gokul Agro Resources Ltd,GOKULAGRO
Simbhaoli Sugars Ltd,SIMBHALS
Pudumjee Paper Products Limited,PDMJEPAPER
HealthCare Global Enterprises Limited,HCG
Bharat Wire Ropes Limited,BHARATWIRE
INFIBEAM AVENUES LIMITED,INFIBEAM
RAGHAV PRODUCTIVITY ENHANCERS LIMITED,RPEL
NINtec Systems Limited,NINSYS
Thyrocare Technologies Limited,THYROCARE
Bajaj Healthcare Limited,BAJAJHCARE
Crompton Greaves Consumer Electricals Limited,CROMPTON
Pilani Investment And Industries Corporation Limited,PILANIINVS
Parag Milk Foods Limited,PARAGMILK
NAGARJUNA FERTILIZERS AND CHEMICALS LTD.,NAGAFERT
Mahanagar Gas Limited,MGL
Quess Corp Limited,QUESS
DIGJAM LIMITED,DIGJAMLMTD
Commercial Syn Bags Limited,COMSYN
LLOYDS ENGINEERING WORKS LIMITED,LLOYDSENGG
LTIMindtree Limited,LTIM
Advanced Enzyme Technologies Limited,ADVENZYMES
Dilip Buildcon Limited,DBL
S.P. Apparels Limited,SPAL
Bigbloc Construction Limited,BIGBLOC
RBL Bank Limited,RBLBANK
BLS International Services Ltd,BLS
Sab Events & Governance Now Media Limited,SABEVENTS
TV VISION LIMITED,TVVISION
L&T Technology Services Limited,LTTS
G N A Axles Limited,GNA
Radhika Jeweltech Limited,RADHIKAJWE
ICICI Prudential Life Insurance Company Limited,ICICIPRULI
HPL Electric & Power Limited,HPL
Valiant Organics Limited,VALIANTORG
Endurance Technologies Limited,ENDURANCE
PNB Housing Finance Limited,PNBHOUSING
Varun Beverages Limited,VBL
Sheela Foam Limited,SFL
Aditya Vision Limited,AVL
Heads UP Ventures Limited,HEADSUP
TCI Express Limited,TCIEXP
Laurus Labs Limited,LAURUSLABS
TruCap Finance Limited,TRU
Pricol Limited,PRICOLLTD
JITF INFRALOGISTICS LIMITED,JITFINFRA
Music Broadcast Limited,RADIOCITY
Avenue Supermarts Limited,DMART
Sarthak Metals Limited,SMLT
Manomay Tex India Limited,MANOMAY
CL Educate Limited,CLEDUCATE
Shankara Building Products Limited,SHANKARA
S Chand And Company Limited,SCHAND
Housing &Urban Development Corporation Ltd.,HUDCO
PSP Projects Limited,PSPPROJECT
Star Cement Limited,STARCEMENT
Tejas Networks Limited,TEJASNET
Eris Lifesciences Limited,ERIS
GTPL Hathway Limited,GTPL
AU Small Finance Bank Limited,AUBANK
Salasar Techno Engineering Limited,SALASAR
Ganges Securities Ltd.,GANGESSECU
Palash Securities Limited,PALASHSECU
AVADH SUGAR & ENERGY LIMITED,AVADHSUGAR
Magadh Sugar & Energy Limited,MAGADSUGAR
SIS LIMITED,SIS
Cochin Shipyard Limited,COCHINSHIP
SMS Lifesciences India Ltd,SMSLIFE
KIOCL Limited,KIOCL
Aditya Birla Capital Ltd,ABCAPITAL
Apex Frozen Foods Limited,APEX
Dixon Technologies (India) Limited,DIXON
Bharat Road Network Limited,BRNL
Dishman Carbogen Amcis Limited,DCAL
Lasa Supergenerics Limited,LASA
Matrimony.com Limited,MATRIMONY
Reliance Home Finance Limited,RHFL
Capacit'e Infraprojects Limited,CAPACITE
ICICI Lombard General Insurance Company Limited ,ICICIGI
SBI Life Insurance Company Limited,SBILIFE
Prataap Snacks Limited,DIAMONDYD
Share India Securities Limited,SHAREINDIA
IRIS Business Services Limited,IRIS
Godrej Agrovet Limited,GODREJAGRO
MAS Financial Services Limited,MASFIN
Indian Energy Exchange Limited,IEX
General Insurance Corporation of India,GICRE
SHEETAL COOL PRODUCTS LIMITED,SCPL
Tube Investments of India Ltd,TIINDIA
NIPPON LIFE INDIA ASSET MANAGEMENT LIMITED,NAM-INDIA
Mahindra Logistics Limited,MAHLOG
The New India Assurance Company Limited,NIACL
IFGL Refractories Limited,IFGLEXPOR
Khadim India Limited,KHADIM
5paisa Capital Limited,5PAISA
HDFC LIFE INSURANCE COMPANY LIMITED,HDFCLIFE
Diligent Media Corporation Limited,DNAMEDIA
Dynamic Cables Limited,DYCL
Shalby Limited,SHALBY
Astron Paper & Board Mill Limited,ASTRON
Apollo Micro Systems Limited,APOLLO
Newgen Software Technologies Limited,NEWGEN
Praxis Home Retail Limited ,PRAXIS
Amber Enterprises India Limited,AMBER
Ashoka Metcast Limited,ASHOKAMET
Galaxy Surfactants Limited,GALAXYSURF
MEDICO REMEDIES LIMITED,MEDICO
LORENZINI APPARELS LIMITED,LAL
Shiva Mills Limited,SHIVAMILLS
Aster DM Healthcare Limited,ASTERDM
H.G. Infra Engineering Limited,HGINFRA
Bharat Dynamics Limited,BDL
GOYAL ALUMINIUMS LIMITED,GOYALALUM
Bandhan Bank Limited,BANDHANBNK
Hindustan Aeronautics Limited,HAL
KBC GLOBAL LIMITED,KBCGLOBAL
Sandhar Technologies Limited,SANDHAR
YASHO INDUSTRIES LIMITED,YASHO
ICICI Securities Limited,ISEC
Mishra Dhatu Nigam Limited,MIDHANI
Orissa Bengal Carrier Limited,OBCL
Lemon Tree Hotels Limited,LEMONTREE
Chemfab Alkalis Ltd,CHEMFAB
HARDWYN INDIA LIMITED,HARDWYN
Orient Electric Limited,ORIENTELEC
Dhruv Consultancy Services Limited,DHRUV
Akshar Spintex Limited,AKSHAR
Indo US Bio-Tech Limited,INDOUS
IndoStar Capital Finance Limited,INDOSTAR
Megastar Foods Limited,MEGASTAR
ZIM Laboratories Limited,ZIMLAB
Affordable Robotic & Automation Limited,AFFORDABLE
Dollar Industries Limited,DOLLAR
NAKODA GROUP OF INDUSTRIES LIMITED,NGIL
Adani Green Energy Limited,ADANIGREEN
SOLARA ACTIVE PHARMA SCIENCES LIMITED,SOLARA
GAYATRI HIGHWAYS LTD,GAYAHWS
RITES Limited,RITES
Fine Organic Industries Limited,FINEORG
Varroc Engineering Limited,VARROC
HDFC Asset Management Company Limited,HDFCAMC
CreditAccess Grameen Ltd.,CREDITACC
Synergy Green Industries Limited,SGIL
IRCON International Ltd,IRCON
SKY GOLD LIMITED,SKYGOLD
Manorama Industries Limited,MANORAMA
AAVAS Financiers Limited,AAVAS
Garden Reach Shipbuilders & Engineers Limited,GRSE
AKI India Limited,AKI
ADANI TOTAL GAS LIMITED,ATGL
Techno Electric & Engineering Company Limited,TECHNOE
DALMIA BHARAT LIMITED,DALBHARAT
Nila Spaces Ltd,NILASPACES
Shankar Lal Rampal Dye-Chem Limited,SRD
Trejhara Solutions Limited,TREJHARA
Axita Cotton Limited,AXITA
KPI Green Energy Limited,KPIGREEN
RPSG VENTURES LIMITED,RPSGVENT
Spencer's Retail Limited,SPENCERS
Gloster Ltd,GLOSTERLTD
Xelpmoc Design and Tech Limited,XELPMOC
Ritco Logistics Limited,RITCO
Chalet Hotels Limited,CHALET
Anmol India Limited,ANMOL
The Anup Engineering Ltd,ANUP
Arvind Fashions Limited,ARVINDFASN
Aartech Solonics Limited,AARTECH
MSTC Limited,MSTCLTD
Rail Vikas Nigam Limited,RVNL
Metropolis Healthcare Limited,METROPOLIS
KPIT Technologies Ltd,KPITTECH
Polycab India Limited,POLYCAB
VIKAS LIFECARE LIMITED,VIKASLIFE
Neogen Chemicals Limited,NEOGEN
Prakash Pipes Limited,PPL
Digicontent Limited,DGCONTENT
SBC EXPORTS LIMITED,SBC
IndiaMART InterMESH Limited,INDIAMART
DCM NOUVELLE LIMITED,DCMNVL
Affle (India) Limited,AFFLE
Spandana Sphoorty Financial Limited,SPANDANA
STERLING AND WILSON RENEWABLE ENERGY LIMITED,SWSOLAR
360 ONE WAM LIMITED,360ONE
IIFL CAPITAL SERVICES LIMITED,IIFLCAPS
MUFIN GREEN FINANCE LIMITED,MUFIN
Gujarat Fluorochemicals Limited,FLUOROCHEM
Indian Railway Catering & Tourism Corporation Ltd,IRCTC
Gensol Engineering Limited,GENSOL
Vishwaraj Sugar Industries Limited,VISHWARAJ
Greenpanel Industries Limited,GREENPANEL
CSB Bank Limited,CSBBANK
Ujjivan Small Finance Bank Limited,UJJIVANSFB
Hindware Home Innovation Limited,HINDWAREAP
Prince Pipes and Fittings Limited,PRINCEPIPE
Artemis Medicare Services Limited,ARTEMISMED
SUMITOMO CHEMICAL INDIA LIMITED,SUMICHEM
UNIVERSUS PHOTO IMAGINGS LIMITED,UNIVPHOTO
SUVEN PHARMACEUTICALS LIMITED,SUVENPHAR
SBI CARDS AND PAYMENT SERVICES LIMITED,SBICARD
HITACHI ENERGY INDIA LIMITED,POWERINDIA
DJ Mediaprint & Logistics Limited,DJML
Aarti Surfactants Limited,AARTISURF
Borosil Limited,BOROLTD
ROSSARI BIOTECH LIMITED,ROSSARI
NDR Auto Components Limited,NDRAUTO
SURATWWALA BUSINESS GROUP LIMITED,SBGLP
Max Healthcare Institute Limited,MAXHEALTH
 Max India Limited,MAXIND
Happiest Minds Technologies Limited,HAPPSTMNDS
Route Mobile Limited,ROUTE
Archidply Decor Limited,ADL
Computer Age Management Services Limited,CAMS
Chemcon Speciality Chemicals Limited,CHEMCON
Secmark Consultancy Limited,SECMARK
ANGEL ONE LIMITED,ANGELONE
Atam Valves Limited,ATAM
Mazagon Dock Shipbuilders Limited,MAZDOCK
UTI Asset Management Company Limited,UTIAMC
Likhitha Infrastructure Limited,LIKHITHA
Hemisphere Properties India Limited,HEMIPROP
Equitas Small Finance Bank Limited,EQUITASBNK
 Gland Pharma Limited,GLAND
Restaurant Brands Asia Limited,RBA
TARC LIMITED,TARC
Ravinder Heights Limited,RVHL
Fairchem Organics Limited,FAIRCHEMOR
Mrs. Bectors Food Specialities Limited,BECTORFOOD
Antony Waste Handling Cell Limited,AWHCL
Indian Railway Finance Corporation,IRFC
Indigo Paints Limited,INDIGOPNTS
Home First Finance Company India Limited,HOMEFIRST
STOVE KRAFT LIMITED,STOVEKRAFT
SMC Global Securities Limited,SMCGLOBAL
Nureca Limited,NURECA
RailTel Corporation of India Limited,RAILTEL
Heranba Industries Limited,HERANBA
Davangere Sugar Company Limited,DAVANGERE
DRC Systems India Limited,DRCSYSTEMS
MTAR Technologies Limited,MTARTECH
Jubilant Ingrevia Limited,JUBLINGREA
Easy Trip Planners Limited,EASEMYTRIP
Knowledge Marine & Engineering Works Limited,KMEW
Anupam Rasayan India Limited,ANURAS
Craftsman Automation Limited,CRAFTSMAN
Laxmi Organic Industries Limited,LXCHEM
Kalyan Jewellers India Limited,KALYANKJIL
Suryoday Small Finance Bank Limited,SURYODAY
Nazara Technologies Limited,NAZARA
Suvidhaa Infoserve Limited,SUVIDHAA
BARBEQUE-NATION HOSPITALITY LIMITED,BARBEQUE
Macrotech Developers Limited,LODHA
Deep Industries Limited,DEEPINDS
Inox Wind Energy Limited,IWEL
Vineet Laboratories Limited,VINEETLAB
Shyam Metalics and Energy Limited,SHYAMMETL
Sona BLW Precision Forgings Limited,SONACOMS
Dodla Dairy Limited,DODLA
Krishna Institute of Medical Sciences Limited,KIMS
India Pesticides Limited,IPL
Focus Business Solution Limited,FOCUS
G R Infraprojects Limited,GRINFRA
Clean Science and Technology Limited,CLEAN
Zomato Limited,ZOMATO
Tatva Chintan Pharma Chem Limited,TATVA
ALIVUS LIFE SCIENCES LIMITED,ALIVUS
Rolex Rings Limited,ROLEXRINGS
Exxaro Tiles Limited,EXXARO
Krsnaa Diagnostics Limited,KRSNAA
Windlas Biotech Limited,WINDLAS
Devyani International Limited,DEVYANI
Meghmani Organics Limited,MOL
Epigral Limited,EPIGRAL
CarTrade Tech Limited,CARTRADE
Nuvoco Vistas Corporation Limited,NUVOCO
Aptus Value Housing Finance India Limited,APTUS
Chemplast Sanmar Limited,CHEMPLASTS
Ami Organics Limited,AMIORG
Vijaya Diagnostic Centre Limited,VIJAYA
Sansera Engineering Limited,SANSERA
Paras Defence and Space Technologies Limited,PARAS
Aditya Birla Sun Life AMC Limited,ABSLAMC
FSN E-Commerce Ventures Limited,NYKAA
Fino Payments Bank Limited,FINOPB
S.J.S. Enterprises Limited,SJS
Sigachi Industries Limited,SIGACHI
PB Fintech Limited,POLICYBZR
One 97 Communications Limited,PAYTM
Sapphire Foods India Limited,SAPPHIRE
Latent View Analytics Limited,LATENTVIEW
Tarsons Products Limited,TARSONS
Go Fashion (India) Limited,GOCOLORS
HI-TECH PIPES LIMITED,HITECH
Star Health and Allied Insurance Company Limited,STARHEALTH
Tega Industries Limited,TEGA
Anand Rathi Wealth Limited,ANANDRATHI
Zodiac Energy Limited,ZODIAC
RateGain Travel Technologies Limited,RATEGAIN
Shriram Properties Limited,SHRIRAMPPS
Jet Freight Logistics Limited,JETFREIGHT
C.E. Info Systems Limited,MAPMYINDIA
Metro Brands Limited,METROBRAND
Medplus Health Services Limited,MEDPLUS
Data Patterns (India) Limited,DATAPATTNS
HP Adhesives Limited,HPAL
Supriya Lifescience Limited,SUPRIYA
CMS Info Systems Limited,CMSINFO
Brand Concepts Limited,BCONCEPTS
WONDER ELECTRICALS LIMITED,WEL
AGS TRANSACT TECHNOLOGIES LIMITED,AGSTRA
Adani Wilmar Limited,AWL
DEV INFORMATION TECHNOLOGY LIMITED,DEVIT
Vedant Fashions Limited,MANYAVAR
SoftTech Engineers Limited,SOFTTECH
Eureka Forbes Limited,EUREKAFORB
Gateway Distriparks Limited,GATEWAY
GMR Power and Urban Infra Limited,GMRP&UI
Motherson Sumi Wiring India Limited,MSUMI
Avro India Limited,AVROIND
Uma Exports Limited,UMAEXPORTS
Veranda Learning Solutions Limited,VERANDA
Hariom Pipe Industries Limited,HARIOMPIPE
Campus Activewear Limited,CAMPUS
Rainbow Children's Medicare Limited,RAINBOW
Silver Touch Technologies Limited,SILVERTUC
LIFE INSURANCE CORPORATION OF INDIA,LICI
Prudent Corporate Advisory Services Limited,PRUDENT
Venus Pipes & Tubes Limited,VENUSPIPES
Delhivery Limited,DELHIVERY
Paradeep Phosphates Limited,PARADEEP
ETHOS LIMITED,ETHOSLTD
eMudhra Limited,EMUDHRA
Aether Industries Limited,AETHER
We Win Limited,WEWIN
DDEV PLASTIKS INDUSTRIES LIMITED,DDEVPLSTIK
Syrma SGS Technology Limited,SYRMA
DREAMFOLKS SERVICES LIMITED,DREAMFOLKS
Dhampur Bio Organics Limited,DBOL
Tamilnad Mercantile Bank Limited,TMB
Ksolves India Limited,KSOLVES
Harsha Engineers International Limited,HARSHA
Tips Films Limited,TIPSFILMS
Electronics Mart India Limited,EMIL
PIRAMAL PHARMA LIMITED,PPLPHARMA
Dc Infotech and Communication Limited,DCI
Tracxn Technologies Limited,TRACXN
Narmada Agrobase Limited,NARMADA
InfoBeans Technologies Limited,INFOBEAN
HINDPRAKASH INDUSTRIES LIMITED,HPIL
DCX Systems Limited,DCXINDIA
FUSION FINANCE LIMITED,FUSION
Bikaji Foods International Limited,BIKAJI
Global Health Limited,MEDANTA
Archean Chemical Industries Limited,ACI
Five-Star Business Finance Ltd.,FIVESTAR
KAYNES TECHNOLOGY INDIA LIMITED,KAYNES
INOX GREEN ENERGY SERVICES LIMITED,INOXGREEN
B&B Triplewall Containers Limited,BBTCL
Keystone Realtors Limited,RUSTOMJEE
VINNY OVERSEAS LIMITED,VINNY
AAA TECHNOLOGIES LIMITED,AAATECH
Sirca Paints India Limited,SIRCA
Dharmaj Crop Guard Limited,DHARMAJ
Sarveshwar Foods Limited,SARVESHWAR
Uniparts India Limited,UNIPARTS
Sula Vineyards Limited,SULA
Abans Holdings Limited,AHL
LANDMARK CARS LIMITED,LANDMARK
Indiabulls Enterprises Limited,IEL
KFin Technologies Limited,KFINTECH
Elin Electronics Limited,ELIN
Radiant Cash Management Services Limited,RADIANTCMS
Sah Polymers Limited,SAH
Kamdhenu Ventures Limited,KAMOPAINTS
Aarti Pharmalabs Limited,AARTIPHARM
BODHI TREE MULTIMEDIA LIMITED,BTML
NMDC Steel Limited,NSLNISP
AIRAN LIMITED,AIRAN
DIVGI TORQTRANSFER SYSTEMS LIMITED,DIVGIITTS
Global Surfaces Limited,GSLSU
Udayshivakumar infra Limited,USK
Avalon Technologies Limited,AVALON
BEML Land Assets Limited,BLAL
ROBUST HOTELS LIMITED,RHL
Mankind Pharma Limited,MANKIND
AVG Logistics Limited,AVG
Atal Realtech Limited,ATALREAL
Power & Instrumentation (Gujarat) Limited,PIGL
Pavna Industries Limited,PAVNAIND
SIGMA SOLVE LIMITED,SIGMA
GHCL Textiles Limited,GHCLTEXTIL
M.K.Proteins Limited,MKPL
IKIO Lighting Limited,IKIO
HMA Agro Industries Limited,HMAAGRO
Uravi Defence and Technology Limited,URAVIDEF
IDEAFORGE TECHNOLOGY LIMITED,IDEAFORGE
Cyient DLM Limited,CYIENTDLM
Senco Gold Limited,SENCO
Jio Financial Services Limited,JIOFIN
UTKARSH SMALL FINANCE BANK LIMITED,UTKARSHBNK
NETWEB TECHNOLOGIES INDIA LIMITED,NETWEB
YATHARTH HOSPITAL & TRAUMA CARE SERVICES LIMITED,YATHARTH
NIIT Learning Systems Limited,NIITMTS
Allcargo Terminals Limited,ATL
Transindia Real Estate Limited,TREL
REDTAPE Limited,REDTAPE
VL E-Governance & IT Solutions Limited,VLEGOV
SBFC Finance Limited,SBFC
Concord Biotech Limited,CONCORDBIO
D.P. WIRES LIMITED,DPWIRES
TVS Supply Chain Solutions Limited,TVSSCS
Pyramid Technoplast Limited,PYRAMID
Aeroflex Industries Limited,AEROFLEX
VISHNU PRAKASH R PUNGLIA LIMITED,VPRPL
Rishabh Instruments Limited,RISHABH
Ratnaveer Precision Engineering Limited,RATNAVEER
Jupiter Life Line Hospitals Limited,JLHL
R R KABEL LIMITED,RRKABEL
EMS LIMITED,EMSLIMITED
Samhi Hotels Limited,SAMHI
ZAGGLE PREPAID OCEAN SERVICES LIMITED,ZAGGLE
South West Pinnacle Exploration Limited,SOUTHWEST
Nuvama Wealth Management Limited,NUVAMA
Sai Silks (Kalamandir) Limited,KALAMANDIR
SIGNATUREGLOBAL (INDIA) LIMITED,SIGNATURE
YATRA ONLINE LIMITED,YATRA
JSW Infrastructure Limited,JSWINFRA
MANOJ VAIBHAV GEMS 'N' JEWELLERS LIMITED,MVGJL
Updater Services Limited,UDS
Valiant Laboratories Limited,VALIANTLAB
Plaza Wires Limited,PLAZACABLE
IRM ENERGY LIMITED,IRMENERGY
Max Estates Limited,MAXESTATES
Blue Jet Healthcare Limited,BLUEJET
Cello World Limited,CELLO
Honasa Consumer Limited,HONASA
ESAF Small Finance Bank Ltd,ESAFSFB
Protean eGov Technologies Limited,PROTEAN
ASK Automotive Limited,ASKAUTOLTD
Kalyani Cast-Tech Limited,KALYANI
Indian Renewable Energy Development Agency Limited,IREDA
Fedbank Financial Services Limited,FEDFINA
Tata Technologies Limited,TATATECH
Gandhar Oil Refinery (India) Limited,GANDHAR
Flair Writing Industries Limited,FLAIR
Bajel Projects Limited,BAJEL
India Shelter Finance Corporation Limited,INDIASHLTR
DOMS Industries Limited,DOMS
INOX India Limited,INOXINDIA
Motisons Jewellers Limited,MOTISONS
Suraj Estate Developers Limited,SURAJEST
Muthoot Microfin Limited,MUTHOOTMF
Happy Forgings Limited,HAPPYFORGE
Credo Brands Marketing Limited,MUFTI
RBZ Jewellers Limited,RBZJEWEL
Azad Engineering Limited,AZAD
SUNDARAM-CLAYTON LIMITED,SUNCLAY
INNOVA CAPTAB LIMITED,INNOVACAP
DIGIDRIVE DISTRIBUTORS LIMITED,DIGIDRIVE
Jyoti CNC Automation Limited,JYOTICNC
Medi Assist Healthcare Services Limited,MEDIASSIST
EPACK Durable Limited,EPACK
Nova Agritech Limited,NOVAAGRI
BLS E-Services Limited,BLSE
Apeejay Surrendra Park Hotels Limited,PARKHOTELS
Signpost India Limited,SIGNPOST
JANA SMALL FINANCE BANK LIMITED,JSFB
Rashi Peripherals Limited,RPTECH
Capital Small Finance Bank Ltd,CAPITALSFB
Entero Healthcare Solutions Limited,ENTERO
VIBHOR STEEL TUBES LIMITED,VSTL
Juniper Hotels Limited,JUNIPER
GPT Healthcare Limited,GPTHEALTH
EXICOM TELE-SYSTEMS LIMITED,EXICOM
Platinum Industries Limited,PLATIND
Mukka Proteins Limited,MUKKA
R K Swamy Limited,RKSWAMY
J.G.Chemicals Limited,JGCHEM
Gopal Snacks Limited,GOPAL
Shipping Corporation of India Land and Assets Limited,SCILAL
Popular Vehicles and Services Limited,PVSL
KRYSTAL INTEGRATED SERVICES LIMITED,KRYSTAL
SRM CONTRACTORS LIMITED,SRM
D P ABHUSHAN LIMITED,DPABHUSHAN
Bharti Hexacom Limited,BHARTIHEXA
JNK India Limited,JNKINDIA
Indegene Limited,INDGN
TBO TEK LIMITED,TBOTEK
Aadhar Housing Finance Limited,AADHARHFC
Go Digit General Insurance Limited,GODIGIT
Awfis Space Solutions Limited,AWFIS
Borosil Scientific Limited,BOROSCI
KRONOX LAB SCIENCES LIMITED,KRONOX
Le Travenues Technology Limited,IXIGO
JHS SVENDGAARD RETAIL VENTURES LIMITED,RETAIL
DEE DEVELOPMENT ENGINEERS LIMITED,DEEDEV
Akme Fintrade (India) Limited,AFIL
STANLEY LIFESTYLES LIMITED,STANLEY
Allied Blenders and Distillers Limited,ABDL
VRAJ IRON AND STEEL LIMITED,VRAJ
Reliable Data Services Limited,RELIABLE
Bansal Wire Industries Limited,BANSALWIRE
Emcure Pharmaceuticals Limited,EMCURE
SANSTAR LIMITED,SANSTAR
Akums Drugs and Pharmaceuticals Limited,AKUMS
Ceigall India Limited,CEIGALL
Ola Electric Mobility Limited,OLAELEC
Brainbees Solutions Limited,FIRSTCRY
UNICOMMERCE ESOLUTIONS LIMITED,UNIECOM
SARASWATI SAREE DEPOT LIMITED,SSDL
Interarch Building Products Limited,INTERARCH
Mahalaxmi Fabric Mills Limited,MFML
Globale Tessile Limited,GLOBALE
Orient Technologies Limited,ORIENTTECH
Premier Energies Limited,PREMIERENE
ECOS (India) Mobility & Hospitality Limited,ECOSMOBLTY
Raymond Lifestyle Limited,RAYMONDLSL
Baazar Style Retail Limited,STYLEBAAZA
Gala Precision Engineering Limited,GALAPREC
Revathi Equipment India Limited,RVTH
SHREE TIRUPATI BALAJEE AGRO TRADING COMPANY LIMITED,BALAJEE
Sanofi Consumer Healthcare India Limited,SANOFICONR
Bajaj Housing Finance Limited,BAJAJHFL
Kross Limited,KROSS
Tolins Tyres Limited,TOLINS
P N GADGIL JEWELLERS LIMITED,PNGJL
Western Carriers (India) Limited,WCIL
Northern Arc Capital Ltd.,NORTHARC
ARKADE DEVELOPERS LIMITED,ARKADE
Manba Finance Limited,MANBA
KRN HEAT EXCHANGER AND REFRIGERATION LIMITED,KRN
Diffusion Engineers Limited,DIFFNKG
Garuda Construction and Engineering Limited,GARUDA
MANGALAM GLOBAL ENTERPRISE LIMITED,MGEL
HYUNDAI MOTOR INDIA LIMITED,HYUNDAI
Deepak Builders and Engineers India Limited,DBEIL
Waaree Energies Limited,WAAREEENER
OCCL Limited,OCCLLTD
Godavari Biorefineries Limited,GODAVARIB
Afcons Infrastructure Limited,AFCONS
A B INFRABUILD LIMITED,ABINFRA
Sagility India Limited,SAGILITY
ACME Solar Holdings Limited,ACMESOLAR
SWIGGY LIMITED,SWIGGY
NIVA BUPA HEALTH INSURANCE COMPANY LIMITED,NIVABUPA
ZINKA LOGISTICS SOLUTIONS LIMITED,BLACKBUCK
NTPC GREEN ENERGY LIMITED,NTPCGREEN
ENVIRO INFRA ENGINEERS LIMITED,EIEL
Onesource Specialty Pharma Limited,ONESOURCE
SURAKSHA DIAGNOSTIC LIMITED,SURAKSHA
Rossell Techsys Limited,ROSSTECH
Odigma Consultancy Solutions Limited,ODIGMA
Innovana Thinklabs Limited,INNOVANA
One Mobikwik Systems Limited,MOBIKWIK
Sai Life Sciences Limited,SAILIFE
Vishal Mega Mart Limited,VMM
INVENTURUS KNOWLEDGE SOLUTIONS LIMITED,IKS
International Gemmological Institute India Limited,IGIL
Sanathan Textiles Limited,SANATHAN
Concord Enviro Systems Limited,CEWATER
DAM Capital Advisors Limited,DAMCAPITAL
Transrail Lighting Limited,TRANSRAILL
MAMATA MACHINERY LIMITED,MAMATA
SENORES PHARMACEUTICALS LIMITED,SENORES
CARRARO INDIA LIMITED,CARRARO
Ventive Hospitality Limited,VENTIVE
Unimech Aerospace and Manufacturing Limited,UNIMECH
ITC Hotels Limited,ITCHOTELS
INDO FARM EQUIPMENT LIMITED,INDOFARM
STANDARD GLASS LINING TECHNOLOGY LIMITED,SGLTL
Quadrant Future Tek Limited,QUADFUTURE
Laxmi Dental Limited,LAXMIDENTL
Stallion India Fluorochemicals Limited,STALLION
SHRIRAM PISTONS & RINGS LTD,SHRIPISTON
Denta Water and Infra Solutions Limited,DENTA
Dr. Agarwal's Health Care Limited,AGARWALEYE
Jubilant Agri and Consumer Products Limited,JUBLCPL
AJAX Engineering Limited,AJAXENGG
Hexaware Technologies Limited,HEXT
Indef Manufacturing Limited,BAJAJINDEF
Future Enterprises Limited,FELDVR
Jain Irrigation Systems Ltd.,JISLDVREQS
GACM Technologies Limited,GATECHDVR
Karur Vysya Bank Ltd.,KARURVYSYA
VEEDOL CORPORATION LIMITED,VEEDOL
Amrutanjan Health Care Limited,AMRUTANJAN
Xpro India Ltd.,XPROINDIA
Hisar Metal Industries Ltd.,HISARMETAL
Bharat Rasayan Limited,BHARATRAS
Fertilizers and Chemicals Travancore Limited,FACT
Ginni Filaments Ltd.,GINNIFILA
Southern Petrochemical Industries Corporation Limited,SPIC
De Nora India Limited,DENORA
KAVERI TELECOM PRODUCTS LTD.,KAVVERITEL
Saksoft Limited,SAKSOFT
Salona Cotspin Ltd.,SALONA
EQUIPPP SOCIAL IMPACT TECHNOLOGIES LIMITED,EQUIPPP
The Andhra Sugars Ltd.,ANDHRSUGAR
INDIA MOTOR PARTS & ACCESSORIES LTD,IMPAL
K.C.P. LTD,KCP
Khaitan (India) Ltd.,KHAITANLTD
RADAAN MEDIAWORKS (I) LIMITED,RADAAN
SUNDARAM FINANCE LTD,SUNDARMFIN
SUNDARAM BRAKE LININGS LTD,SUNDRMBRAK
WHEELS INDIA LTD,WHEELS
Lambodhara Textiles Ltd.,LAMBODHARA
Maithan Alloys Limited,MAITHANALL
Orissa Minerals Development Company Limited,ORISSAMINE
Madras Fertilizers Ltd,MADRASFERT
Jyoti Structures Ltd.,JYOTI-RE1
Thangamayil Jewellery Limited,THANG-RE
